2025/11/08 18:11:00 🚀 Pixly AI Service v1.0.0
2025/11/08 18:11:00 📚 Model directory: /Users/nyamiiko/.pixly/models
2025/11/08 18:11:00 ⚠️ Failed to initialize feedback DB: near "INDEX": syntax error
{"level":"info","ts":1762596660.729438,"caller":"knowledge/database.go:48","msg":"知识库数据库初始化成功","path":"/Users/nyamiiko/.pixly/models/knowledge.db"}
2025/11/08 18:11:00 ℹ️  Seed data already exists in knowledge DB
2025/11/08 18:11:00 ✅ Format recommender initialized with ML
2025/11/08 18:11:00 ✅ HTTPGateway initialized with ML recommender
2025/11/08 18:11:00 ✅ Model router initialized with default models
2025/11/08 18:11:00 ✅ Model router initialized successfully
2025/11/08 18:11:00 🌐 AI HTTP service started at http://localhost:50052
2025/11/08 18:11:00 📍 Image AI prediction: POST http://localhost:50052/api/v1/predict
2025/11/08 18:11:00 🎬 Video AI prediction: POST http://localhost:50052/api/v1/predict/video
2025/11/08 18:11:00 📊 VMAF validation:   POST http://localhost:50052/api/v1/validate/vmaf
2025/11/08 18:11:00 💚 Health check:   GET  http://localhost:50052/api/v1/health
2025/11/08 18:11:09 📥 AI prediction request | Tool=jpeg | Quality=85 | Mode=balanced | Image=/tmp/test.jxl
2025/11/08 18:11:09 🤖 Calling ML format recommender: jxl → jpeg
{"level":"error","ts":1762596669.413126,"caller":"ml/format_recommender.go:482","msg":"❌ ML检测到不合理的格式转换","input":"jxl","user_choice":"jpg","avg_size_increase":38.88888888888889,"samples":1,"stacktrace":"pixly/predictor/ml.(*FormatRecommender).evaluateFormatChoice\n\t/Users/nyamiiko/Documents/git/Pixly/Pixly_Nightly/core/go/predictor/ml/format_recommender.go:482\npixly/predictor/ml.(*FormatRecommender).RecommendFormat\n\t/Users/nyamiiko/Documents/git/Pixly/Pixly_Nightly/core/go/predictor/ml/format_recommender.go:47\npixly/ai.(*HTTPGateway).handlePredict\n\t/Users/nyamiiko/Documents/git/Pixly/Pixly_Nightly/core/go/ai/http_gateway.go:264\npixly/ai.(*HTTPGateway).Start.(*HTTPGateway).Start.func1.func27\n\t/Users/nyamiiko/Documents/git/Pixly/Pixly_Nightly/core/go/ai/http_gateway.go:165\nnet/http.HandlerFunc.ServeHTTP\n\t/opt/homebrew/Cellar/go/1.25.4/libexec/src/net/http/server.go:2322\nnet/http.(*ServeMux).ServeHTTP\n\t/opt/homebrew/Cellar/go/1.25.4/libexec/src/net/http/server.go:2861\nnet/http.serverHandler.ServeHTTP\n\t/opt/homebrew/Cellar/go/1.25.4/libexec/src/net/http/server.go:3340\nnet/http.(*conn).serve\n\t/opt/homebrew/Cellar/go/1.25.4/libexec/src/net/http/server.go:2109"}
{"level":"warn","ts":1762596669.4131892,"caller":"ml/format_recommender.go:51","msg":"🤖 ML检测到次优格式选择，推荐更佳方案","input":"jxl","user_requested":"jpeg","ml_recommendation":"","confidence":0,"reason":"❌ 智能模式拒绝：根据1个历史样本，JXL→JPG会导致体积增大38.9%，无法在保持质量前提下优化。建议保持原JXL格式或切换到手动模式。"}
2025/11/08 18:11:09 ❌ ML拒绝转换: jxl → jpeg | 原因: ❌ 智能模式拒绝：根据1个历史样本，JXL→JPG会导致体积增大38.9%，无法在保持质量前提下优化。建议保持原JXL格式或切换到手动模式。
2025/11/08 18:21:34 📥 AI prediction request | Tool=jxl | Quality=85 | Mode=balanced | Image=/tmp/dummy_1920x1080.png
2025/11/08 18:21:34 🤖 Calling ML format recommender: png → jxl
2025/11/08 18:21:34 ✅ ML验证通过: png → jxl
2025/11/08 18:21:36 ❌ AI prediction failed: execute: Python推理失败 (尝试 1/1): exit status 1
2025/11/08 18:21:36 📥 AI prediction request | Tool=jxl | Quality=85 | Mode=balanced | Image=/tmp/dummy_1920x1080.png
2025/11/08 18:21:36 🤖 Calling ML format recommender: png → jxl
2025/11/08 18:21:36 ✅ ML验证通过: png → jxl
2025/11/08 18:21:37 ❌ AI prediction failed: execute: Python推理失败 (尝试 1/1): exit status 1
2025/11/08 18:21:37 📥 AI prediction request | Tool=jxl | Quality=85 | Mode=balanced | Image=/tmp/dummy_1920x1080.png
2025/11/08 18:21:37 🤖 Calling ML format recommender: png → jxl
2025/11/08 18:21:37 ✅ ML验证通过: png → jxl
2025/11/08 18:21:38 ❌ AI prediction failed: execute: Python推理失败 (尝试 1/1): exit status 1
2025/11/08 18:21:38 📥 AI prediction request | Tool=jxl | Quality=95 | Mode=quality | Image=/tmp/dummy_512x512.png
2025/11/08 18:21:38 🤖 Calling ML format recommender: png → jxl
2025/11/08 18:21:38 ✅ ML验证通过: png → jxl
2025/11/08 18:21:39 ❌ AI prediction failed: execute: Python推理失败 (尝试 1/1): exit status 1
2025/11/08 18:21:39 📥 AI prediction request | Tool=jxl | Quality=95 | Mode=quality | Image=/tmp/dummy_512x512.png
2025/11/08 18:21:39 🤖 Calling ML format recommender: png → jxl
2025/11/08 18:21:39 ✅ ML验证通过: png → jxl
2025/11/08 18:21:40 ❌ AI prediction failed: execute: Python推理失败 (尝试 1/1): exit status 1
2025/11/08 18:21:40 📥 AI prediction request | Tool=jxl | Quality=95 | Mode=quality | Image=/tmp/dummy_512x512.png
2025/11/08 18:21:40 🤖 Calling ML format recommender: png → jxl
2025/11/08 18:21:40 ✅ ML验证通过: png → jxl
2025/11/08 18:21:41 ❌ AI prediction failed: execute: Python推理失败 (尝试 1/1): exit status 1
2025/11/08 18:21:41 📥 AI prediction request | Tool=jxl | Quality=85 | Mode=balanced | Image=/tmp/dummy_512x512.png
2025/11/08 18:21:41 🤖 Calling ML format recommender: png → jxl
2025/11/08 18:21:41 ✅ ML验证通过: png → jxl
2025/11/08 18:21:42 ❌ AI prediction failed: execute: Python推理失败 (尝试 1/1): exit status 1
2025/11/08 18:21:42 📥 AI prediction request | Tool=jxl | Quality=85 | Mode=balanced | Image=/tmp/dummy_512x512.png
2025/11/08 18:21:42 🤖 Calling ML format recommender: png → jxl
2025/11/08 18:21:42 ✅ ML验证通过: png → jxl
2025/11/08 18:21:43 ❌ AI prediction failed: execute: Python推理失败 (尝试 1/1): exit status 1
2025/11/08 18:21:43 📥 AI prediction request | Tool=jxl | Quality=85 | Mode=balanced | Image=/tmp/dummy_512x512.png
2025/11/08 18:21:43 🤖 Calling ML format recommender: png → jxl
2025/11/08 18:21:43 ✅ ML验证通过: png → jxl
2025/11/08 18:21:44 ❌ AI prediction failed: execute: Python推理失败 (尝试 1/1): exit status 1
2025/11/08 18:21:45 📥 AI prediction request | Tool=jxl | Quality=85 | Mode=balanced | Image=/tmp/dummy_1920x1080.png
2025/11/08 18:21:45 🤖 Calling ML format recommender: png → jxl
2025/11/08 18:21:45 ✅ ML验证通过: png → jxl
2025/11/08 18:21:46 ❌ AI prediction failed: execute: Python推理失败 (尝试 1/1): exit status 1
2025/11/08 18:21:46 📥 AI prediction request | Tool=jxl | Quality=85 | Mode=balanced | Image=/tmp/dummy_1920x1080.png
2025/11/08 18:21:46 🤖 Calling ML format recommender: png → jxl
2025/11/08 18:21:46 ✅ ML验证通过: png → jxl
2025/11/08 18:21:47 ❌ AI prediction failed: execute: Python推理失败 (尝试 1/1): exit status 1
2025/11/08 18:21:47 📥 AI prediction request | Tool=jxl | Quality=85 | Mode=balanced | Image=/tmp/dummy_1920x1080.png
2025/11/08 18:21:47 🤖 Calling ML format recommender: png → jxl
2025/11/08 18:21:47 ✅ ML验证通过: png → jxl
2025/11/08 18:21:48 ❌ AI prediction failed: execute: Python推理失败 (尝试 1/1): exit status 1
2025/11/08 18:21:48 📥 AI prediction request | Tool=jxl | Quality=95 | Mode=quality | Image=/tmp/dummy_512x512.png
2025/11/08 18:21:48 🤖 Calling ML format recommender: png → jxl
2025/11/08 18:21:48 ✅ ML验证通过: png → jxl
2025/11/08 18:21:48 ❌ AI prediction failed: execute: Python推理失败 (尝试 1/1): exit status 1
2025/11/08 18:21:49 📥 AI prediction request | Tool=jxl | Quality=95 | Mode=quality | Image=/tmp/dummy_512x512.png
2025/11/08 18:21:49 🤖 Calling ML format recommender: png → jxl
2025/11/08 18:21:49 ✅ ML验证通过: png → jxl
2025/11/08 18:21:50 ❌ AI prediction failed: execute: Python推理失败 (尝试 1/1): exit status 1
2025/11/08 18:21:50 📥 AI prediction request | Tool=jxl | Quality=95 | Mode=quality | Image=/tmp/dummy_512x512.png
2025/11/08 18:21:50 🤖 Calling ML format recommender: png → jxl
2025/11/08 18:21:50 ✅ ML验证通过: png → jxl
2025/11/08 18:21:51 ❌ AI prediction failed: execute: Python推理失败 (尝试 1/1): exit status 1
2025/11/08 18:21:51 📥 AI prediction request | Tool=jxl | Quality=85 | Mode=balanced | Image=/tmp/dummy_512x512.png
2025/11/08 18:21:51 🤖 Calling ML format recommender: png → jxl
2025/11/08 18:21:51 ✅ ML验证通过: png → jxl
2025/11/08 18:21:51 ❌ AI prediction failed: execute: Python推理失败 (尝试 1/1): exit status 1
2025/11/08 18:21:52 📥 AI prediction request | Tool=jxl | Quality=85 | Mode=balanced | Image=/tmp/dummy_512x512.png
2025/11/08 18:21:52 🤖 Calling ML format recommender: png → jxl
2025/11/08 18:21:52 ✅ ML验证通过: png → jxl
2025/11/08 18:21:52 ❌ AI prediction failed: execute: Python推理失败 (尝试 1/1): exit status 1
2025/11/08 18:21:53 📥 AI prediction request | Tool=jxl | Quality=85 | Mode=balanced | Image=/tmp/dummy_512x512.png
2025/11/08 18:21:53 🤖 Calling ML format recommender: png → jxl
2025/11/08 18:21:53 ✅ ML验证通过: png → jxl
2025/11/08 18:21:54 ❌ AI prediction failed: execute: Python推理失败 (尝试 1/1): exit status 1
2025/11/08 18:21:55 📥 AI prediction request | Tool=jxl | Quality=85 | Mode=balanced | Image=/tmp/dummy_1920x1080.png
2025/11/08 18:21:55 🤖 Calling ML format recommender: png → jxl
2025/11/08 18:21:55 ✅ ML验证通过: png → jxl
2025/11/08 18:21:55 ❌ AI prediction failed: execute: Python推理失败 (尝试 1/1): exit status 1
2025/11/08 18:21:56 📥 AI prediction request | Tool=jxl | Quality=85 | Mode=balanced | Image=/tmp/dummy_1920x1080.png
2025/11/08 18:21:56 🤖 Calling ML format recommender: png → jxl
2025/11/08 18:21:56 ✅ ML验证通过: png → jxl
2025/11/08 18:21:56 ❌ AI prediction failed: execute: Python推理失败 (尝试 1/1): exit status 1
2025/11/08 18:21:57 📥 AI prediction request | Tool=jxl | Quality=85 | Mode=balanced | Image=/tmp/dummy_1920x1080.png
2025/11/08 18:21:57 🤖 Calling ML format recommender: png → jxl
2025/11/08 18:21:57 ✅ ML验证通过: png → jxl
2025/11/08 18:21:57 ❌ AI prediction failed: execute: Python推理失败 (尝试 1/1): exit status 1
2025/11/08 18:21:57 📥 AI prediction request | Tool=jxl | Quality=95 | Mode=quality | Image=/tmp/dummy_512x512.png
2025/11/08 18:21:57 🤖 Calling ML format recommender: png → jxl
2025/11/08 18:21:57 ✅ ML验证通过: png → jxl
2025/11/08 18:21:58 ❌ AI prediction failed: execute: Python推理失败 (尝试 1/1): exit status 1
2025/11/08 18:21:58 📥 AI prediction request | Tool=jxl | Quality=95 | Mode=quality | Image=/tmp/dummy_512x512.png
2025/11/08 18:21:58 🤖 Calling ML format recommender: png → jxl
2025/11/08 18:21:58 ✅ ML验证通过: png → jxl
2025/11/08 18:21:59 ❌ AI prediction failed: execute: Python推理失败 (尝试 1/1): exit status 1
2025/11/08 18:22:00 📥 AI prediction request | Tool=jxl | Quality=95 | Mode=quality | Image=/tmp/dummy_512x512.png
2025/11/08 18:22:00 🤖 Calling ML format recommender: png → jxl
2025/11/08 18:22:00 ✅ ML验证通过: png → jxl
2025/11/08 18:22:00 ❌ AI prediction failed: execute: Python推理失败 (尝试 1/1): exit status 1
2025/11/08 18:22:00 📥 AI prediction request | Tool=jxl | Quality=85 | Mode=balanced | Image=/tmp/dummy_512x512.png
2025/11/08 18:22:00 🤖 Calling ML format recommender: png → jxl
2025/11/08 18:22:00 ✅ ML验证通过: png → jxl
2025/11/08 18:22:01 ❌ AI prediction failed: execute: Python推理失败 (尝试 1/1): exit status 1
2025/11/08 18:22:01 📥 AI prediction request | Tool=jxl | Quality=85 | Mode=balanced | Image=/tmp/dummy_512x512.png
2025/11/08 18:22:01 🤖 Calling ML format recommender: png → jxl
2025/11/08 18:22:01 ✅ ML验证通过: png → jxl
2025/11/08 18:22:02 ❌ AI prediction failed: execute: Python推理失败 (尝试 1/1): exit status 1
2025/11/08 18:22:02 📥 AI prediction request | Tool=jxl | Quality=85 | Mode=balanced | Image=/tmp/dummy_512x512.png
2025/11/08 18:22:02 🤖 Calling ML format recommender: png → jxl
2025/11/08 18:22:02 ✅ ML验证通过: png → jxl
2025/11/08 18:22:03 ❌ AI prediction failed: execute: Python推理失败 (尝试 1/1): exit status 1
2025/11/08 18:23:23 📥 AI prediction request | Tool=jpeg | Quality=85 | Mode=balanced | Image=/tmp/dummy_1920x1080.jxl
2025/11/08 18:23:23 🤖 Calling ML format recommender: jxl → jpeg
{"level":"error","ts":1762597403.0180328,"caller":"ml/format_recommender.go:482","msg":"❌ ML检测到不合理的格式转换","input":"jxl","user_choice":"jpg","avg_size_increase":38.88888888888889,"samples":1,"stacktrace":"pixly/predictor/ml.(*FormatRecommender).evaluateFormatChoice\n\t/Users/nyamiiko/Documents/git/Pixly/Pixly_Nightly/core/go/predictor/ml/format_recommender.go:482\npixly/predictor/ml.(*FormatRecommender).RecommendFormat\n\t/Users/nyamiiko/Documents/git/Pixly/Pixly_Nightly/core/go/predictor/ml/format_recommender.go:47\npixly/ai.(*HTTPGateway).handlePredict\n\t/Users/nyamiiko/Documents/git/Pixly/Pixly_Nightly/core/go/ai/http_gateway.go:264\npixly/ai.(*HTTPGateway).Start.(*HTTPGateway).Start.func1.func27\n\t/Users/nyamiiko/Documents/git/Pixly/Pixly_Nightly/core/go/ai/http_gateway.go:165\nnet/http.HandlerFunc.ServeHTTP\n\t/opt/homebrew/Cellar/go/1.25.4/libexec/src/net/http/server.go:2322\nnet/http.(*ServeMux).ServeHTTP\n\t/opt/homebrew/Cellar/go/1.25.4/libexec/src/net/http/server.go:2861\nnet/http.serverHandler.ServeHTTP\n\t/opt/homebrew/Cellar/go/1.25.4/libexec/src/net/http/server.go:3340\nnet/http.(*conn).serve\n\t/opt/homebrew/Cellar/go/1.25.4/libexec/src/net/http/server.go:2109"}
{"level":"warn","ts":1762597403.021038,"caller":"ml/format_recommender.go:51","msg":"🤖 ML检测到次优格式选择，推荐更佳方案","input":"jxl","user_requested":"jpeg","ml_recommendation":"","confidence":0,"reason":"❌ 智能模式拒绝：根据1个历史样本，JXL→JPG会导致体积增大38.9%，无法在保持质量前提下优化。建议保持原JXL格式或切换到手动模式。"}
2025/11/08 18:23:23 ❌ ML拒绝转换: jxl → jpeg | 原因: ❌ 智能模式拒绝：根据1个历史样本，JXL→JPG会导致体积增大38.9%，无法在保持质量前提下优化。建议保持原JXL格式或切换到手动模式。
2025/11/08 18:23:23 📥 AI prediction request | Tool=jpeg | Quality=85 | Mode=balanced | Image=/tmp/dummy_1920x1080.jxl
2025/11/08 18:23:23 🤖 Calling ML format recommender: jxl → jpeg
{"level":"error","ts":1762597403.545939,"caller":"ml/format_recommender.go:482","msg":"❌ ML检测到不合理的格式转换","input":"jxl","user_choice":"jpg","avg_size_increase":38.88888888888889,"samples":1,"stacktrace":"pixly/predictor/ml.(*FormatRecommender).evaluateFormatChoice\n\t/Users/nyamiiko/Documents/git/Pixly/Pixly_Nightly/core/go/predictor/ml/format_recommender.go:482\npixly/predictor/ml.(*FormatRecommender).RecommendFormat\n\t/Users/nyamiiko/Documents/git/Pixly/Pixly_Nightly/core/go/predictor/ml/format_recommender.go:47\npixly/ai.(*HTTPGateway).handlePredict\n\t/Users/nyamiiko/Documents/git/Pixly/Pixly_Nightly/core/go/ai/http_gateway.go:264\npixly/ai.(*HTTPGateway).Start.(*HTTPGateway).Start.func1.func27\n\t/Users/nyamiiko/Documents/git/Pixly/Pixly_Nightly/core/go/ai/http_gateway.go:165\nnet/http.HandlerFunc.ServeHTTP\n\t/opt/homebrew/Cellar/go/1.25.4/libexec/src/net/http/server.go:2322\nnet/http.(*ServeMux).ServeHTTP\n\t/opt/homebrew/Cellar/go/1.25.4/libexec/src/net/http/server.go:2861\nnet/http.serverHandler.ServeHTTP\n\t/opt/homebrew/Cellar/go/1.25.4/libexec/src/net/http/server.go:3340\nnet/http.(*conn).serve\n\t/opt/homebrew/Cellar/go/1.25.4/libexec/src/net/http/server.go:2109"}
{"level":"warn","ts":1762597403.5461419,"caller":"ml/format_recommender.go:51","msg":"🤖 ML检测到次优格式选择，推荐更佳方案","input":"jxl","user_requested":"jpeg","ml_recommendation":"","confidence":0,"reason":"❌ 智能模式拒绝：根据1个历史样本，JXL→JPG会导致体积增大38.9%，无法在保持质量前提下优化。建议保持原JXL格式或切换到手动模式。"}
2025/11/08 18:23:23 ❌ ML拒绝转换: jxl → jpeg | 原因: ❌ 智能模式拒绝：根据1个历史样本，JXL→JPG会导致体积增大38.9%，无法在保持质量前提下优化。建议保持原JXL格式或切换到手动模式。
2025/11/08 18:23:24 📥 AI prediction request | Tool=jpeg | Quality=85 | Mode=balanced | Image=/tmp/dummy_1920x1080.jxl
2025/11/08 18:23:24 🤖 Calling ML format recommender: jxl → jpeg
{"level":"error","ts":1762597404.072,"caller":"ml/format_recommender.go:482","msg":"❌ ML检测到不合理的格式转换","input":"jxl","user_choice":"jpg","avg_size_increase":38.88888888888889,"samples":1,"stacktrace":"pixly/predictor/ml.(*FormatRecommender).evaluateFormatChoice\n\t/Users/nyamiiko/Documents/git/Pixly/Pixly_Nightly/core/go/predictor/ml/format_recommender.go:482\npixly/predictor/ml.(*FormatRecommender).RecommendFormat\n\t/Users/nyamiiko/Documents/git/Pixly/Pixly_Nightly/core/go/predictor/ml/format_recommender.go:47\npixly/ai.(*HTTPGateway).handlePredict\n\t/Users/nyamiiko/Documents/git/Pixly/Pixly_Nightly/core/go/ai/http_gateway.go:264\npixly/ai.(*HTTPGateway).Start.(*HTTPGateway).Start.func1.func27\n\t/Users/nyamiiko/Documents/git/Pixly/Pixly_Nightly/core/go/ai/http_gateway.go:165\nnet/http.HandlerFunc.ServeHTTP\n\t/opt/homebrew/Cellar/go/1.25.4/libexec/src/net/http/server.go:2322\nnet/http.(*ServeMux).ServeHTTP\n\t/opt/homebrew/Cellar/go/1.25.4/libexec/src/net/http/server.go:2861\nnet/http.serverHandler.ServeHTTP\n\t/opt/homebrew/Cellar/go/1.25.4/libexec/src/net/http/server.go:3340\nnet/http.(*conn).serve\n\t/opt/homebrew/Cellar/go/1.25.4/libexec/src/net/http/server.go:2109"}
{"level":"warn","ts":1762597404.072045,"caller":"ml/format_recommender.go:51","msg":"🤖 ML检测到次优格式选择，推荐更佳方案","input":"jxl","user_requested":"jpeg","ml_recommendation":"","confidence":0,"reason":"❌ 智能模式拒绝：根据1个历史样本，JXL→JPG会导致体积增大38.9%，无法在保持质量前提下优化。建议保持原JXL格式或切换到手动模式。"}
2025/11/08 18:23:24 ❌ ML拒绝转换: jxl → jpeg | 原因: ❌ 智能模式拒绝：根据1个历史样本，JXL→JPG会导致体积增大38.9%，无法在保持质量前提下优化。建议保持原JXL格式或切换到手动模式。
2025/11/08 18:23:24 📥 AI prediction request | Tool=jpeg | Quality=95 | Mode=quality | Image=/tmp/dummy_1920x1080.jxl
2025/11/08 18:23:24 🤖 Calling ML format recommender: jxl → jpeg
{"level":"error","ts":1762597404.0875242,"caller":"ml/format_recommender.go:482","msg":"❌ ML检测到不合理的格式转换","input":"jxl","user_choice":"jpg","avg_size_increase":38.88888888888889,"samples":1,"stacktrace":"pixly/predictor/ml.(*FormatRecommender).evaluateFormatChoice\n\t/Users/nyamiiko/Documents/git/Pixly/Pixly_Nightly/core/go/predictor/ml/format_recommender.go:482\npixly/predictor/ml.(*FormatRecommender).RecommendFormat\n\t/Users/nyamiiko/Documents/git/Pixly/Pixly_Nightly/core/go/predictor/ml/format_recommender.go:47\npixly/ai.(*HTTPGateway).handlePredict\n\t/Users/nyamiiko/Documents/git/Pixly/Pixly_Nightly/core/go/ai/http_gateway.go:264\npixly/ai.(*HTTPGateway).Start.(*HTTPGateway).Start.func1.func27\n\t/Users/nyamiiko/Documents/git/Pixly/Pixly_Nightly/core/go/ai/http_gateway.go:165\nnet/http.HandlerFunc.ServeHTTP\n\t/opt/homebrew/Cellar/go/1.25.4/libexec/src/net/http/server.go:2322\nnet/http.(*ServeMux).ServeHTTP\n\t/opt/homebrew/Cellar/go/1.25.4/libexec/src/net/http/server.go:2861\nnet/http.serverHandler.ServeHTTP\n\t/opt/homebrew/Cellar/go/1.25.4/libexec/src/net/http/server.go:3340\nnet/http.(*conn).serve\n\t/opt/homebrew/Cellar/go/1.25.4/libexec/src/net/http/server.go:2109"}
{"level":"warn","ts":1762597404.087571,"caller":"ml/format_recommender.go:51","msg":"🤖 ML检测到次优格式选择，推荐更佳方案","input":"jxl","user_requested":"jpeg","ml_recommendation":"","confidence":0,"reason":"❌ 智能模式拒绝：根据1个历史样本，JXL→JPG会导致体积增大38.9%，无法在保持质量前提下优化。建议保持原JXL格式或切换到手动模式。"}
2025/11/08 18:23:24 ❌ ML拒绝转换: jxl → jpeg | 原因: ❌ 智能模式拒绝：根据1个历史样本，JXL→JPG会导致体积增大38.9%，无法在保持质量前提下优化。建议保持原JXL格式或切换到手动模式。
2025/11/08 18:23:24 📥 AI prediction request | Tool=jpeg | Quality=95 | Mode=quality | Image=/tmp/dummy_1920x1080.jxl
2025/11/08 18:23:24 🤖 Calling ML format recommender: jxl → jpeg
{"level":"error","ts":1762597404.613365,"caller":"ml/format_recommender.go:482","msg":"❌ ML检测到不合理的格式转换","input":"jxl","user_choice":"jpg","avg_size_increase":38.88888888888889,"samples":1,"stacktrace":"pixly/predictor/ml.(*FormatRecommender).evaluateFormatChoice\n\t/Users/nyamiiko/Documents/git/Pixly/Pixly_Nightly/core/go/predictor/ml/format_recommender.go:482\npixly/predictor/ml.(*FormatRecommender).RecommendFormat\n\t/Users/nyamiiko/Documents/git/Pixly/Pixly_Nightly/core/go/predictor/ml/format_recommender.go:47\npixly/ai.(*HTTPGateway).handlePredict\n\t/Users/nyamiiko/Documents/git/Pixly/Pixly_Nightly/core/go/ai/http_gateway.go:264\npixly/ai.(*HTTPGateway).Start.(*HTTPGateway).Start.func1.func27\n\t/Users/nyamiiko/Documents/git/Pixly/Pixly_Nightly/core/go/ai/http_gateway.go:165\nnet/http.HandlerFunc.ServeHTTP\n\t/opt/homebrew/Cellar/go/1.25.4/libexec/src/net/http/server.go:2322\nnet/http.(*ServeMux).ServeHTTP\n\t/opt/homebrew/Cellar/go/1.25.4/libexec/src/net/http/server.go:2861\nnet/http.serverHandler.ServeHTTP\n\t/opt/homebrew/Cellar/go/1.25.4/libexec/src/net/http/server.go:3340\nnet/http.(*conn).serve\n\t/opt/homebrew/Cellar/go/1.25.4/libexec/src/net/http/server.go:2109"}
{"level":"warn","ts":1762597404.613423,"caller":"ml/format_recommender.go:51","msg":"🤖 ML检测到次优格式选择，推荐更佳方案","input":"jxl","user_requested":"jpeg","ml_recommendation":"","confidence":0,"reason":"❌ 智能模式拒绝：根据1个历史样本，JXL→JPG会导致体积增大38.9%，无法在保持质量前提下优化。建议保持原JXL格式或切换到手动模式。"}
2025/11/08 18:23:24 ❌ ML拒绝转换: jxl → jpeg | 原因: ❌ 智能模式拒绝：根据1个历史样本，JXL→JPG会导致体积增大38.9%，无法在保持质量前提下优化。建议保持原JXL格式或切换到手动模式。
2025/11/08 18:23:25 📥 AI prediction request | Tool=jpeg | Quality=95 | Mode=quality | Image=/tmp/dummy_1920x1080.jxl
2025/11/08 18:23:25 🤖 Calling ML format recommender: jxl → jpeg
{"level":"error","ts":1762597405.137341,"caller":"ml/format_recommender.go:482","msg":"❌ ML检测到不合理的格式转换","input":"jxl","user_choice":"jpg","avg_size_increase":38.88888888888889,"samples":1,"stacktrace":"pixly/predictor/ml.(*FormatRecommender).evaluateFormatChoice\n\t/Users/nyamiiko/Documents/git/Pixly/Pixly_Nightly/core/go/predictor/ml/format_recommender.go:482\npixly/predictor/ml.(*FormatRecommender).RecommendFormat\n\t/Users/nyamiiko/Documents/git/Pixly/Pixly_Nightly/core/go/predictor/ml/format_recommender.go:47\npixly/ai.(*HTTPGateway).handlePredict\n\t/Users/nyamiiko/Documents/git/Pixly/Pixly_Nightly/core/go/ai/http_gateway.go:264\npixly/ai.(*HTTPGateway).Start.(*HTTPGateway).Start.func1.func27\n\t/Users/nyamiiko/Documents/git/Pixly/Pixly_Nightly/core/go/ai/http_gateway.go:165\nnet/http.HandlerFunc.ServeHTTP\n\t/opt/homebrew/Cellar/go/1.25.4/libexec/src/net/http/server.go:2322\nnet/http.(*ServeMux).ServeHTTP\n\t/opt/homebrew/Cellar/go/1.25.4/libexec/src/net/http/server.go:2861\nnet/http.serverHandler.ServeHTTP\n\t/opt/homebrew/Cellar/go/1.25.4/libexec/src/net/http/server.go:3340\nnet/http.(*conn).serve\n\t/opt/homebrew/Cellar/go/1.25.4/libexec/src/net/http/server.go:2109"}
{"level":"warn","ts":1762597405.137387,"caller":"ml/format_recommender.go:51","msg":"🤖 ML检测到次优格式选择，推荐更佳方案","input":"jxl","user_requested":"jpeg","ml_recommendation":"","confidence":0,"reason":"❌ 智能模式拒绝：根据1个历史样本，JXL→JPG会导致体积增大38.9%，无法在保持质量前提下优化。建议保持原JXL格式或切换到手动模式。"}
2025/11/08 18:23:25 ❌ ML拒绝转换: jxl → jpeg | 原因: ❌ 智能模式拒绝：根据1个历史样本，JXL→JPG会导致体积增大38.9%，无法在保持质量前提下优化。建议保持原JXL格式或切换到手动模式。
2025/11/08 18:23:25 📥 AI prediction request | Tool=jpeg | Quality=85 | Mode=balanced | Image=/tmp/dummy_1920x1080.jxl
2025/11/08 18:23:25 🤖 Calling ML format recommender: jxl → jpeg
{"level":"error","ts":1762597405.1518788,"caller":"ml/format_recommender.go:482","msg":"❌ ML检测到不合理的格式转换","input":"jxl","user_choice":"jpg","avg_size_increase":38.88888888888889,"samples":1,"stacktrace":"pixly/predictor/ml.(*FormatRecommender).evaluateFormatChoice\n\t/Users/nyamiiko/Documents/git/Pixly/Pixly_Nightly/core/go/predictor/ml/format_recommender.go:482\npixly/predictor/ml.(*FormatRecommender).RecommendFormat\n\t/Users/nyamiiko/Documents/git/Pixly/Pixly_Nightly/core/go/predictor/ml/format_recommender.go:47\npixly/ai.(*HTTPGateway).handlePredict\n\t/Users/nyamiiko/Documents/git/Pixly/Pixly_Nightly/core/go/ai/http_gateway.go:264\npixly/ai.(*HTTPGateway).Start.(*HTTPGateway).Start.func1.func27\n\t/Users/nyamiiko/Documents/git/Pixly/Pixly_Nightly/core/go/ai/http_gateway.go:165\nnet/http.HandlerFunc.ServeHTTP\n\t/opt/homebrew/Cellar/go/1.25.4/libexec/src/net/http/server.go:2322\nnet/http.(*ServeMux).ServeHTTP\n\t/opt/homebrew/Cellar/go/1.25.4/libexec/src/net/http/server.go:2861\nnet/http.serverHandler.ServeHTTP\n\t/opt/homebrew/Cellar/go/1.25.4/libexec/src/net/http/server.go:3340\nnet/http.(*conn).serve\n\t/opt/homebrew/Cellar/go/1.25.4/libexec/src/net/http/server.go:2109"}
{"level":"warn","ts":1762597405.151954,"caller":"ml/format_recommender.go:51","msg":"🤖 ML检测到次优格式选择，推荐更佳方案","input":"jxl","user_requested":"jpeg","ml_recommendation":"","confidence":0,"reason":"❌ 智能模式拒绝：根据1个历史样本，JXL→JPG会导致体积增大38.9%，无法在保持质量前提下优化。建议保持原JXL格式或切换到手动模式。"}
2025/11/08 18:23:25 ❌ ML拒绝转换: jxl → jpeg | 原因: ❌ 智能模式拒绝：根据1个历史样本，JXL→JPG会导致体积增大38.9%，无法在保持质量前提下优化。建议保持原JXL格式或切换到手动模式。
2025/11/08 18:23:25 📥 AI prediction request | Tool=jpeg | Quality=85 | Mode=balanced | Image=/tmp/dummy_1920x1080.jxl
2025/11/08 18:23:25 🤖 Calling ML format recommender: jxl → jpeg
{"level":"error","ts":1762597405.678099,"caller":"ml/format_recommender.go:482","msg":"❌ ML检测到不合理的格式转换","input":"jxl","user_choice":"jpg","avg_size_increase":38.88888888888889,"samples":1,"stacktrace":"pixly/predictor/ml.(*FormatRecommender).evaluateFormatChoice\n\t/Users/nyamiiko/Documents/git/Pixly/Pixly_Nightly/core/go/predictor/ml/format_recommender.go:482\npixly/predictor/ml.(*FormatRecommender).RecommendFormat\n\t/Users/nyamiiko/Documents/git/Pixly/Pixly_Nightly/core/go/predictor/ml/format_recommender.go:47\npixly/ai.(*HTTPGateway).handlePredict\n\t/Users/nyamiiko/Documents/git/Pixly/Pixly_Nightly/core/go/ai/http_gateway.go:264\npixly/ai.(*HTTPGateway).Start.(*HTTPGateway).Start.func1.func27\n\t/Users/nyamiiko/Documents/git/Pixly/Pixly_Nightly/core/go/ai/http_gateway.go:165\nnet/http.HandlerFunc.ServeHTTP\n\t/opt/homebrew/Cellar/go/1.25.4/libexec/src/net/http/server.go:2322\nnet/http.(*ServeMux).ServeHTTP\n\t/opt/homebrew/Cellar/go/1.25.4/libexec/src/net/http/server.go:2861\nnet/http.serverHandler.ServeHTTP\n\t/opt/homebrew/Cellar/go/1.25.4/libexec/src/net/http/server.go:3340\nnet/http.(*conn).serve\n\t/opt/homebrew/Cellar/go/1.25.4/libexec/src/net/http/server.go:2109"}
{"level":"warn","ts":1762597405.67814,"caller":"ml/format_recommender.go:51","msg":"🤖 ML检测到次优格式选择，推荐更佳方案","input":"jxl","user_requested":"jpeg","ml_recommendation":"","confidence":0,"reason":"❌ 智能模式拒绝：根据1个历史样本，JXL→JPG会导致体积增大38.9%，无法在保持质量前提下优化。建议保持原JXL格式或切换到手动模式。"}
2025/11/08 18:23:25 ❌ ML拒绝转换: jxl → jpeg | 原因: ❌ 智能模式拒绝：根据1个历史样本，JXL→JPG会导致体积增大38.9%，无法在保持质量前提下优化。建议保持原JXL格式或切换到手动模式。
2025/11/08 18:23:26 📥 AI prediction request | Tool=jpeg | Quality=85 | Mode=balanced | Image=/tmp/dummy_1920x1080.jxl
2025/11/08 18:23:26 🤖 Calling ML format recommender: jxl → jpeg
{"level":"error","ts":1762597406.2039192,"caller":"ml/format_recommender.go:482","msg":"❌ ML检测到不合理的格式转换","input":"jxl","user_choice":"jpg","avg_size_increase":38.88888888888889,"samples":1,"stacktrace":"pixly/predictor/ml.(*FormatRecommender).evaluateFormatChoice\n\t/Users/nyamiiko/Documents/git/Pixly/Pixly_Nightly/core/go/predictor/ml/format_recommender.go:482\npixly/predictor/ml.(*FormatRecommender).RecommendFormat\n\t/Users/nyamiiko/Documents/git/Pixly/Pixly_Nightly/core/go/predictor/ml/format_recommender.go:47\npixly/ai.(*HTTPGateway).handlePredict\n\t/Users/nyamiiko/Documents/git/Pixly/Pixly_Nightly/core/go/ai/http_gateway.go:264\npixly/ai.(*HTTPGateway).Start.(*HTTPGateway).Start.func1.func27\n\t/Users/nyamiiko/Documents/git/Pixly/Pixly_Nightly/core/go/ai/http_gateway.go:165\nnet/http.HandlerFunc.ServeHTTP\n\t/opt/homebrew/Cellar/go/1.25.4/libexec/src/net/http/server.go:2322\nnet/http.(*ServeMux).ServeHTTP\n\t/opt/homebrew/Cellar/go/1.25.4/libexec/src/net/http/server.go:2861\nnet/http.serverHandler.ServeHTTP\n\t/opt/homebrew/Cellar/go/1.25.4/libexec/src/net/http/server.go:3340\nnet/http.(*conn).serve\n\t/opt/homebrew/Cellar/go/1.25.4/libexec/src/net/http/server.go:2109"}
{"level":"warn","ts":1762597406.2039812,"caller":"ml/format_recommender.go:51","msg":"🤖 ML检测到次优格式选择，推荐更佳方案","input":"jxl","user_requested":"jpeg","ml_recommendation":"","confidence":0,"reason":"❌ 智能模式拒绝：根据1个历史样本，JXL→JPG会导致体积增大38.9%，无法在保持质量前提下优化。建议保持原JXL格式或切换到手动模式。"}
2025/11/08 18:23:26 ❌ ML拒绝转换: jxl → jpeg | 原因: ❌ 智能模式拒绝：根据1个历史样本，JXL→JPG会导致体积增大38.9%，无法在保持质量前提下优化。建议保持原JXL格式或切换到手动模式。
2025/11/09 15:55:51 🚀 Pixly AI Service v4.2.0 starting on http://localhost:50052
2025/11/09 15:55:51 📡 Endpoints:
2025/11/09 15:55:51    - Health Check:     http://localhost:50052/api/v1/health
2025/11/09 15:55:51    - Image Predict:    http://localhost:50052/api/v1/predict
2025/11/09 15:55:51    - Video Predict:    http://localhost:50052/api/v1/predict/video
2025/11/09 15:55:51    - Observations:     http://localhost:50052/api/v1/observations
2025/11/09 15:55:51 
2025/11/09 15:55:51 ✅ AI Service is ready to serve requests
2025/11/09 15:55:51 💡 Press Ctrl+C to stop
2025/11/09 15:55:51 ⚠️ Failed to initialize feedback DB: unable to open database file: no such file or directory
👍 [Python Bridge] Found script: /Users/nyamiiko/Documents/git/Pixly/Pixly_Nightly/tools/predict_params.py
✅ [Python Bridge] Initialized
   Python: python3
   Script: /Users/nyamiiko/Documents/git/Pixly/Pixly_Nightly/tools/predict_params.py
   CWD: /Users/nyamiiko/Documents/git/Pixly/Pixly_Nightly/core/go
2025/11/09 15:55:51 ✅ Model router initialized with default models
2025/11/09 15:55:51 ✅ Model router initialized successfully
2025/11/09 15:55:51 🌐 AI HTTP service started at http://localhost:50052
2025/11/09 15:55:51 📍 Image AI prediction: POST http://localhost:50052/api/v1/predict
2025/11/09 15:55:51 🎬 Video AI prediction: POST http://localhost:50052/api/v1/predict/video
2025/11/09 15:55:51 📊 VMAF validation:   POST http://localhost:50052/api/v1/validate/vmaf
2025/11/09 15:55:51 💚 Health check:   GET  http://localhost:50052/api/v1/health
2025/11/09 15:55:51 ❌ Server failed to start: listen tcp :50052: bind: address already in use
exit status 1
2025/11/09 15:55:52 🚀 Pixly AI Service v4.2.0 starting on http://localhost:50052
2025/11/09 15:55:52 📡 Endpoints:
2025/11/09 15:55:52    - Health Check:     http://localhost:50052/api/v1/health
2025/11/09 15:55:52    - Image Predict:    http://localhost:50052/api/v1/predict
2025/11/09 15:55:52    - Video Predict:    http://localhost:50052/api/v1/predict/video
2025/11/09 15:55:52    - Observations:     http://localhost:50052/api/v1/observations
2025/11/09 15:55:52 
2025/11/09 15:55:52 ✅ AI Service is ready to serve requests
2025/11/09 15:55:52 💡 Press Ctrl+C to stop
2025/11/09 15:55:52 ⚠️ Failed to initialize feedback DB: unable to open database file: no such file or directory
👍 [Python Bridge] Found script: /Users/nyamiiko/Documents/git/Pixly/Pixly_Nightly/tools/predict_params.py
✅ [Python Bridge] Initialized
   Python: python3
   Script: /Users/nyamiiko/Documents/git/Pixly/Pixly_Nightly/tools/predict_params.py
   CWD: /Users/nyamiiko/Documents/git/Pixly/Pixly_Nightly/core/go
2025/11/09 15:55:52 ✅ Model router initialized with default models
2025/11/09 15:55:52 ✅ Model router initialized successfully
2025/11/09 15:55:52 🌐 AI HTTP service started at http://localhost:50052
2025/11/09 15:55:52 📍 Image AI prediction: POST http://localhost:50052/api/v1/predict
2025/11/09 15:55:52 🎬 Video AI prediction: POST http://localhost:50052/api/v1/predict/video
2025/11/09 15:55:52 📊 VMAF validation:   POST http://localhost:50052/api/v1/validate/vmaf
2025/11/09 15:55:52 💚 Health check:   GET  http://localhost:50052/api/v1/health
2025/11/09 15:55:52 ❌ Server failed to start: listen tcp :50052: bind: address already in use
exit status 1
2025/11/09 15:55:52 🚀 Pixly AI Service v4.2.0 starting on http://localhost:50052
2025/11/09 15:55:52 📡 Endpoints:
2025/11/09 15:55:52    - Health Check:     http://localhost:50052/api/v1/health
2025/11/09 15:55:52    - Image Predict:    http://localhost:50052/api/v1/predict
2025/11/09 15:55:52    - Video Predict:    http://localhost:50052/api/v1/predict/video
2025/11/09 15:55:52    - Observations:     http://localhost:50052/api/v1/observations
2025/11/09 15:55:52 
2025/11/09 15:55:52 ✅ AI Service is ready to serve requests
2025/11/09 15:55:52 💡 Press Ctrl+C to stop
2025/11/09 15:55:52 ⚠️ Failed to initialize feedback DB: unable to open database file: no such file or directory
👍 [Python Bridge] Found script: /Users/nyamiiko/Documents/git/Pixly/Pixly_Nightly/tools/predict_params.py
✅ [Python Bridge] Initialized
   Python: python3
   Script: /Users/nyamiiko/Documents/git/Pixly/Pixly_Nightly/tools/predict_params.py
   CWD: /Users/nyamiiko/Documents/git/Pixly/Pixly_Nightly/core/go
2025/11/09 15:55:52 ✅ Model router initialized with default models
2025/11/09 15:55:52 ✅ Model router initialized successfully
2025/11/09 15:55:52 🌐 AI HTTP service started at http://localhost:50052
2025/11/09 15:55:52 📍 Image AI prediction: POST http://localhost:50052/api/v1/predict
2025/11/09 15:55:52 🎬 Video AI prediction: POST http://localhost:50052/api/v1/predict/video
2025/11/09 15:55:52 📊 VMAF validation:   POST http://localhost:50052/api/v1/validate/vmaf
2025/11/09 15:55:52 💚 Health check:   GET  http://localhost:50052/api/v1/health
2025/11/09 15:55:52 ❌ Server failed to start: listen tcp :50052: bind: address already in use
exit status 1
2025/11/09 16:21:26 🚀 Pixly AI Service v4.2.0 starting on http://localhost:50052
2025/11/09 16:21:26 📡 Endpoints:
2025/11/09 16:21:26    - Health Check:     http://localhost:50052/api/v1/health
2025/11/09 16:21:26    - Image Predict:    http://localhost:50052/api/v1/predict
2025/11/09 16:21:26    - Video Predict:    http://localhost:50052/api/v1/predict/video
2025/11/09 16:21:26    - Observations:     http://localhost:50052/api/v1/observations
2025/11/09 16:21:26 
2025/11/09 16:21:26 ✅ AI Service is ready to serve requests
2025/11/09 16:21:26 💡 Press Ctrl+C to stop
2025/11/09 16:21:26 ⚠️ Failed to initialize feedback DB: unable to open database file: no such file or directory
👍 [Python Bridge] Found script: /Users/nyamiiko/Documents/git/Pixly/Pixly_Nightly/tools/predict_params.py
✅ [Python Bridge] Initialized
   Python: python3
   Script: /Users/nyamiiko/Documents/git/Pixly/Pixly_Nightly/tools/predict_params.py
   CWD: /Users/nyamiiko/Documents/git/Pixly/Pixly_Nightly/core/go
2025/11/09 16:21:26 ✅ Model router initialized with default models
2025/11/09 16:21:26 ✅ Model router initialized successfully
2025/11/09 16:21:26 🌐 AI HTTP service started at http://localhost:50052
2025/11/09 16:21:26 📍 Image AI prediction: POST http://localhost:50052/api/v1/predict
2025/11/09 16:21:26 🎬 Video AI prediction: POST http://localhost:50052/api/v1/predict/video
2025/11/09 16:21:26 📊 VMAF validation:   POST http://localhost:50052/api/v1/validate/vmaf
2025/11/09 16:21:26 💚 Health check:   GET  http://localhost:50052/api/v1/health
2025/11/09 16:21:26 🚀 Pixly AI Service v4.2.0 starting on http://localhost:50052
2025/11/09 16:21:26 📡 Endpoints:
2025/11/09 16:21:26    - Health Check:     http://localhost:50052/api/v1/health
2025/11/09 16:21:26    - Image Predict:    http://localhost:50052/api/v1/predict
2025/11/09 16:21:26    - Video Predict:    http://localhost:50052/api/v1/predict/video
2025/11/09 16:21:26    - Observations:     http://localhost:50052/api/v1/observations
2025/11/09 16:21:26 
2025/11/09 16:21:26 ✅ AI Service is ready to serve requests
2025/11/09 16:21:26 💡 Press Ctrl+C to stop
2025/11/09 16:21:26 ⚠️ Failed to initialize feedback DB: unable to open database file: no such file or directory
👍 [Python Bridge] Found script: /Users/nyamiiko/Documents/git/Pixly/Pixly_Nightly/tools/predict_params.py
✅ [Python Bridge] Initialized
   Python: python3
   Script: /Users/nyamiiko/Documents/git/Pixly/Pixly_Nightly/tools/predict_params.py
   CWD: /Users/nyamiiko/Documents/git/Pixly/Pixly_Nightly/core/go
2025/11/09 16:21:26 ✅ Model router initialized with default models
2025/11/09 16:21:26 ✅ Model router initialized successfully
2025/11/09 16:21:26 🌐 AI HTTP service started at http://localhost:50052
2025/11/09 16:21:26 📍 Image AI prediction: POST http://localhost:50052/api/v1/predict
2025/11/09 16:21:26 🎬 Video AI prediction: POST http://localhost:50052/api/v1/predict/video
2025/11/09 16:21:26 📊 VMAF validation:   POST http://localhost:50052/api/v1/validate/vmaf
2025/11/09 16:21:26 💚 Health check:   GET  http://localhost:50052/api/v1/health
2025/11/09 16:21:26 ❌ Server failed to start: listen tcp :50052: bind: address already in use
exit status 1
2025/11/09 16:21:30 📥 AI prediction request | Tool=jxl | Quality=85 | Mode=balanced | Image=/Users/nyamiiko/Documents/git/Pixly/@test/test.library/images/MHQ4UZJ5CW10E.info/吃瓜.gif
2025/11/09 16:21:31 ✅ AI prediction succeeded | Q=85 d=0.5 | Confidence=0.50 | Time=1397ms
📤 [DEBUG] Sending response:
{
  "success": true,
  "params": {
    "quality": 85,
    "distance": 0.5,
    "effort": 7,
    "quantizer": 0,
    "speed": 0,
    "method": 0,
    "confidence": 0.5
  },
  "confidence": 0.5,
  "recommended_format": "avif",
  "format_reason": "动图推荐AVIF，压缩效率和质量平衡最佳",
  "time_ms": 1397
}
2025/11/09 16:21:31 📥 AI prediction request | Tool=jxl | Quality=95 | Mode=quality | Image=/Users/nyamiiko/Documents/git/Pixly/@test/test.library/images/MHQ4UZJ5CW10E.info/吃瓜.gif
2025/11/09 16:21:32 ✅ AI prediction succeeded | Q=95 d=0.0 | Confidence=0.50 | Time=817ms
📤 [DEBUG] Sending response:
{
  "success": true,
  "params": {
    "quality": 95,
    "distance": 0,
    "effort": 7,
    "quantizer": 0,
    "speed": 0,
    "method": 0,
    "confidence": 0.5
  },
  "confidence": 0.5,
  "recommended_format": "avif",
  "format_reason": "动图推荐AVIF，压缩效率和质量平衡最佳",
  "time_ms": 817
}
2025/11/09 16:21:32 📥 AI prediction request | Tool=jxl | Quality=85 | Mode=balanced | Image=/Users/nyamiiko/Documents/git/Pixly/@test/test.library/images/MHQ4UZJ5CW10E.info/吃瓜.gif
2025/11/09 16:21:33 ✅ AI prediction succeeded | Q=85 d=0.5 | Confidence=0.50 | Time=678ms
📤 [DEBUG] Sending response:
{
  "success": true,
  "params": {
    "quality": 85,
    "distance": 0.5,
    "effort": 7,
    "quantizer": 0,
    "speed": 0,
    "method": 0,
    "confidence": 0.5
  },
  "confidence": 0.5,
  "recommended_format": "avif",
  "format_reason": "动图推荐AVIF，压缩效率和质量平衡最佳",
  "time_ms": 678
}
2025/11/09 16:21:34 📥 AI prediction request | Tool=jxl | Quality=85 | Mode=balanced | Image=/Users/nyamiiko/Documents/git/Pixly/@test/test.library/images/MHQ4UZJ5ELG6K.info/不要过来.gif
2025/11/09 16:21:35 ✅ AI prediction succeeded | Q=85 d=0.5 | Confidence=0.50 | Time=890ms
📤 [DEBUG] Sending response:
{
  "success": true,
  "params": {
    "quality": 85,
    "distance": 0.5,
    "effort": 7,
    "quantizer": 0,
    "speed": 0,
    "method": 0,
    "confidence": 0.5
  },
  "confidence": 0.5,
  "recommended_format": "avif",
  "format_reason": "动图推荐AVIF，压缩效率和质量平衡最佳",
  "time_ms": 890
}
2025/11/09 16:21:35 📥 AI prediction request | Tool=jxl | Quality=95 | Mode=quality | Image=/Users/nyamiiko/Documents/git/Pixly/@test/test.library/images/MHQ4UZJ5ELG6K.info/不要过来.gif
2025/11/09 16:21:36 ✅ AI prediction succeeded | Q=95 d=0.0 | Confidence=0.50 | Time=756ms
📤 [DEBUG] Sending response:
{
  "success": true,
  "params": {
    "quality": 95,
    "distance": 0,
    "effort": 7,
    "quantizer": 0,
    "speed": 0,
    "method": 0,
    "confidence": 0.5
  },
  "confidence": 0.5,
  "recommended_format": "avif",
  "format_reason": "动图推荐AVIF，压缩效率和质量平衡最佳",
  "time_ms": 756
}
2025/11/09 16:21:36 📥 AI prediction request | Tool=jxl | Quality=85 | Mode=balanced | Image=/Users/nyamiiko/Documents/git/Pixly/@test/test.library/images/MHQ4UZJ5ELG6K.info/不要过来.gif
2025/11/09 16:21:36 ✅ AI prediction succeeded | Q=85 d=0.5 | Confidence=0.50 | Time=751ms
📤 [DEBUG] Sending response:
{
  "success": true,
  "params": {
    "quality": 85,
    "distance": 0.5,
    "effort": 7,
    "quantizer": 0,
    "speed": 0,
    "method": 0,
    "confidence": 0.5
  },
  "confidence": 0.5,
  "recommended_format": "avif",
  "format_reason": "动图推荐AVIF，压缩效率和质量平衡最佳",
  "time_ms": 751
}
2025/11/09 16:28:09 📥 AI prediction request | Tool=jxl | Quality=85 | Mode=balanced | Image=/Users/nyamiiko/Documents/git/Pixly/@test/test.library/images/MHQ4UZJ67YBOF.info/懒懒.gif
2025/11/09 16:28:11 ✅ AI prediction succeeded | Q=85 d=0.5 | Confidence=0.50 | Time=1322ms
📤 [DEBUG] Sending response:
{
  "success": true,
  "params": {
    "quality": 85,
    "distance": 0.5,
    "effort": 7,
    "quantizer": 0,
    "speed": 0,
    "method": 0,
    "confidence": 0.5
  },
  "confidence": 0.5,
  "recommended_format": "avif",
  "format_reason": "动图推荐AVIF，压缩效率和质量平衡最佳",
  "time_ms": 1322
}
2025/11/09 16:28:11 📥 AI prediction request | Tool=jxl | Quality=95 | Mode=quality | Image=/Users/nyamiiko/Documents/git/Pixly/@test/test.library/images/MHQ4UZJ67YBOF.info/懒懒.gif
2025/11/09 16:28:11 ✅ AI prediction succeeded | Q=95 d=0.0 | Confidence=0.50 | Time=583ms
📤 [DEBUG] Sending response:
{
  "success": true,
  "params": {
    "quality": 95,
    "distance": 0,
    "effort": 7,
    "quantizer": 0,
    "speed": 0,
    "method": 0,
    "confidence": 0.5
  },
  "confidence": 0.5,
  "recommended_format": "avif",
  "format_reason": "动图推荐AVIF，压缩效率和质量平衡最佳",
  "time_ms": 583
}
2025/11/09 16:28:11 📥 AI prediction request | Tool=jxl | Quality=85 | Mode=balanced | Image=/Users/nyamiiko/Documents/git/Pixly/@test/test.library/images/MHQ4UZJ67YBOF.info/懒懒.gif
2025/11/09 16:28:12 ✅ AI prediction succeeded | Q=85 d=0.5 | Confidence=0.50 | Time=606ms
📤 [DEBUG] Sending response:
{
  "success": true,
  "params": {
    "quality": 85,
    "distance": 0.5,
    "effort": 7,
    "quantizer": 0,
    "speed": 0,
    "method": 0,
    "confidence": 0.5
  },
  "confidence": 0.5,
  "recommended_format": "avif",
  "format_reason": "动图推荐AVIF，压缩效率和质量平衡最佳",
  "time_ms": 606
}
2025/11/09 16:33:34 📥 AI prediction request | Tool=jxl | Quality=85 | Mode=balanced | Image=/Users/nyamiiko/Documents/git/Pixly/@test/test.library/images/MHQ4UZJ618M2S.info/问号.gif
2025/11/09 16:33:35 ✅ AI prediction succeeded | Q=85 d=0.5 | Confidence=0.50 | Time=1246ms
📤 [DEBUG] Sending response:
{
  "success": true,
  "params": {
    "quality": 85,
    "distance": 0.5,
    "effort": 7,
    "quantizer": 0,
    "speed": 0,
    "method": 0,
    "confidence": 0.5
  },
  "confidence": 0.5,
  "recommended_format": "avif",
  "format_reason": "动图推荐AVIF，压缩效率和质量平衡最佳",
  "time_ms": 1246
}
2025/11/09 16:33:35 📥 AI prediction request | Tool=jxl | Quality=95 | Mode=quality | Image=/Users/nyamiiko/Documents/git/Pixly/@test/test.library/images/MHQ4UZJ618M2S.info/问号.gif
2025/11/09 16:33:36 ✅ AI prediction succeeded | Q=95 d=0.0 | Confidence=0.50 | Time=681ms
📤 [DEBUG] Sending response:
{
  "success": true,
  "params": {
    "quality": 95,
    "distance": 0,
    "effort": 7,
    "quantizer": 0,
    "speed": 0,
    "method": 0,
    "confidence": 0.5
  },
  "confidence": 0.5,
  "recommended_format": "avif",
  "format_reason": "动图推荐AVIF，压缩效率和质量平衡最佳",
  "time_ms": 681
}
2025/11/09 16:33:36 📥 AI prediction request | Tool=jxl | Quality=85 | Mode=balanced | Image=/Users/nyamiiko/Documents/git/Pixly/@test/test.library/images/MHQ4UZJ618M2S.info/问号.gif
2025/11/09 16:33:36 ✅ AI prediction succeeded | Q=85 d=0.5 | Confidence=0.50 | Time=685ms
📤 [DEBUG] Sending response:
{
  "success": true,
  "params": {
    "quality": 85,
    "distance": 0.5,
    "effort": 7,
    "quantizer": 0,
    "speed": 0,
    "method": 0,
    "confidence": 0.5
  },
  "confidence": 0.5,
  "recommended_format": "avif",
  "format_reason": "动图推荐AVIF，压缩效率和质量平衡最佳",
  "time_ms": 685
}
2025/11/09 16:33:38 📥 AI prediction request | Tool=jxl | Quality=85 | Mode=balanced | Image=/Users/nyamiiko/Documents/git/Pixly/@test/test.library/images/MHQ4UZJ6K9HXU.info/酸了.gif
2025/11/09 16:33:39 ✅ AI prediction succeeded | Q=85 d=0.5 | Confidence=0.50 | Time=675ms
📤 [DEBUG] Sending response:
{
  "success": true,
  "params": {
    "quality": 85,
    "distance": 0.5,
    "effort": 7,
    "quantizer": 0,
    "speed": 0,
    "method": 0,
    "confidence": 0.5
  },
  "confidence": 0.5,
  "recommended_format": "avif",
  "format_reason": "动图推荐AVIF，压缩效率和质量平衡最佳",
  "time_ms": 675
}
2025/11/09 16:33:39 📥 AI prediction request | Tool=jxl | Quality=95 | Mode=quality | Image=/Users/nyamiiko/Documents/git/Pixly/@test/test.library/images/MHQ4UZJ6K9HXU.info/酸了.gif
2025/11/09 16:33:39 ✅ AI prediction succeeded | Q=95 d=0.0 | Confidence=0.50 | Time=665ms
📤 [DEBUG] Sending response:
{
  "success": true,
  "params": {
    "quality": 95,
    "distance": 0,
    "effort": 7,
    "quantizer": 0,
    "speed": 0,
    "method": 0,
    "confidence": 0.5
  },
  "confidence": 0.5,
  "recommended_format": "avif",
  "format_reason": "动图推荐AVIF，压缩效率和质量平衡最佳",
  "time_ms": 665
}
2025/11/09 16:33:39 📥 AI prediction request | Tool=jxl | Quality=85 | Mode=balanced | Image=/Users/nyamiiko/Documents/git/Pixly/@test/test.library/images/MHQ4UZJ6K9HXU.info/酸了.gif
2025/11/09 16:33:40 ✅ AI prediction succeeded | Q=85 d=0.5 | Confidence=0.50 | Time=676ms
📤 [DEBUG] Sending response:
{
  "success": true,
  "params": {
    "quality": 85,
    "distance": 0.5,
    "effort": 7,
    "quantizer": 0,
    "speed": 0,
    "method": 0,
    "confidence": 0.5
  },
  "confidence": 0.5,
  "recommended_format": "avif",
  "format_reason": "动图推荐AVIF，压缩效率和质量平衡最佳",
  "time_ms": 676
}
2025/11/09 16:33:41 📥 AI prediction request | Tool=jxl | Quality=85 | Mode=balanced | Image=/Users/nyamiiko/Documents/git/Pixly/@test/test.library/images/MHQ4UZJ6WXSX6.info/跪了.gif
2025/11/09 16:33:42 ✅ AI prediction succeeded | Q=85 d=0.5 | Confidence=0.50 | Time=638ms
📤 [DEBUG] Sending response:
{
  "success": true,
  "params": {
    "quality": 85,
    "distance": 0.5,
    "effort": 7,
    "quantizer": 0,
    "speed": 0,
    "method": 0,
    "confidence": 0.5
  },
  "confidence": 0.5,
  "recommended_format": "avif",
  "format_reason": "动图推荐AVIF，压缩效率和质量平衡最佳",
  "time_ms": 638
}
2025/11/09 16:33:42 📥 AI prediction request | Tool=jxl | Quality=95 | Mode=quality | Image=/Users/nyamiiko/Documents/git/Pixly/@test/test.library/images/MHQ4UZJ6WXSX6.info/跪了.gif
2025/11/09 16:33:43 ✅ AI prediction succeeded | Q=95 d=0.0 | Confidence=0.50 | Time=636ms
📤 [DEBUG] Sending response:
{
  "success": true,
  "params": {
    "quality": 95,
    "distance": 0,
    "effort": 7,
    "quantizer": 0,
    "speed": 0,
    "method": 0,
    "confidence": 0.5
  },
  "confidence": 0.5,
  "recommended_format": "avif",
  "format_reason": "动图推荐AVIF，压缩效率和质量平衡最佳",
  "time_ms": 636
}
2025/11/09 16:33:43 📥 AI prediction request | Tool=jxl | Quality=85 | Mode=balanced | Image=/Users/nyamiiko/Documents/git/Pixly/@test/test.library/images/MHQ4UZJ6WXSX6.info/跪了.gif
2025/11/09 16:33:43 ✅ AI prediction succeeded | Q=85 d=0.5 | Confidence=0.50 | Time=698ms
📤 [DEBUG] Sending response:
{
  "success": true,
  "params": {
    "quality": 85,
    "distance": 0.5,
    "effort": 7,
    "quantizer": 0,
    "speed": 0,
    "method": 0,
    "confidence": 0.5
  },
  "confidence": 0.5,
  "recommended_format": "avif",
  "format_reason": "动图推荐AVIF，压缩效率和质量平衡最佳",
  "time_ms": 698
}
2025/11/09 16:33:45 📥 AI prediction request | Tool=jxl | Quality=85 | Mode=balanced | Image=/Users/nyamiiko/Documents/git/Pixly/@test/test.library/images/MHQ4UZJ6YL23Z.info/晚安.gif
2025/11/09 16:33:45 ✅ AI prediction succeeded | Q=85 d=0.5 | Confidence=0.50 | Time=647ms
📤 [DEBUG] Sending response:
{
  "success": true,
  "params": {
    "quality": 85,
    "distance": 0.5,
    "effort": 7,
    "quantizer": 0,
    "speed": 0,
    "method": 0,
    "confidence": 0.5
  },
  "confidence": 0.5,
  "recommended_format": "avif",
  "format_reason": "动图推荐AVIF，压缩效率和质量平衡最佳",
  "time_ms": 647
}
2025/11/09 16:33:45 📥 AI prediction request | Tool=jxl | Quality=95 | Mode=quality | Image=/Users/nyamiiko/Documents/git/Pixly/@test/test.library/images/MHQ4UZJ6YL23Z.info/晚安.gif
2025/11/09 16:33:46 ✅ AI prediction succeeded | Q=95 d=0.0 | Confidence=0.50 | Time=644ms
📤 [DEBUG] Sending response:
{
  "success": true,
  "params": {
    "quality": 95,
    "distance": 0,
    "effort": 7,
    "quantizer": 0,
    "speed": 0,
    "method": 0,
    "confidence": 0.5
  },
  "confidence": 0.5,
  "recommended_format": "avif",
  "format_reason": "动图推荐AVIF，压缩效率和质量平衡最佳",
  "time_ms": 644
}
2025/11/09 16:33:46 📥 AI prediction request | Tool=jxl | Quality=85 | Mode=balanced | Image=/Users/nyamiiko/Documents/git/Pixly/@test/test.library/images/MHQ4UZJ6YL23Z.info/晚安.gif
2025/11/09 16:33:47 ✅ AI prediction succeeded | Q=85 d=0.5 | Confidence=0.50 | Time=646ms
📤 [DEBUG] Sending response:
{
  "success": true,
  "params": {
    "quality": 85,
    "distance": 0.5,
    "effort": 7,
    "quantizer": 0,
    "speed": 0,
    "method": 0,
    "confidence": 0.5
  },
  "confidence": 0.5,
  "recommended_format": "avif",
  "format_reason": "动图推荐AVIF，压缩效率和质量平衡最佳",
  "time_ms": 646
}
2025/11/09 16:37:22 📥 AI prediction request | Tool=jxl | Quality=85 | Mode=balanced | Image=/Users/nyamiiko/Documents/git/Pixly/@test/test.library/images/MHQ4UZJ6WSLQ2.info/飞踢.gif
2025/11/09 16:37:24 ✅ AI prediction succeeded | Q=85 d=0.5 | Confidence=0.50 | Time=1377ms
📤 [DEBUG] Sending response:
{
  "success": true,
  "params": {
    "quality": 85,
    "distance": 0.5,
    "effort": 7,
    "quantizer": 0,
    "speed": 0,
    "method": 0,
    "confidence": 0.5
  },
  "confidence": 0.5,
  "recommended_format": "avif",
  "format_reason": "动图推荐AVIF，压缩效率和质量平衡最佳",
  "time_ms": 1377
}
2025/11/09 16:37:24 📥 AI prediction request | Tool=jxl | Quality=95 | Mode=quality | Image=/Users/nyamiiko/Documents/git/Pixly/@test/test.library/images/MHQ4UZJ6WSLQ2.info/飞踢.gif
2025/11/09 16:37:24 ✅ AI prediction succeeded | Q=95 d=0.0 | Confidence=0.50 | Time=765ms
📤 [DEBUG] Sending response:
{
  "success": true,
  "params": {
    "quality": 95,
    "distance": 0,
    "effort": 7,
    "quantizer": 0,
    "speed": 0,
    "method": 0,
    "confidence": 0.5
  },
  "confidence": 0.5,
  "recommended_format": "avif",
  "format_reason": "动图推荐AVIF，压缩效率和质量平衡最佳",
  "time_ms": 765
}
2025/11/09 16:37:25 📥 AI prediction request | Tool=jxl | Quality=85 | Mode=balanced | Image=/Users/nyamiiko/Documents/git/Pixly/@test/test.library/images/MHQ4UZJ6WSLQ2.info/飞踢.gif
2025/11/09 16:37:25 ✅ AI prediction succeeded | Q=85 d=0.5 | Confidence=0.50 | Time=712ms
📤 [DEBUG] Sending response:
{
  "success": true,
  "params": {
    "quality": 85,
    "distance": 0.5,
    "effort": 7,
    "quantizer": 0,
    "speed": 0,
    "method": 0,
    "confidence": 0.5
  },
  "confidence": 0.5,
  "recommended_format": "avif",
  "format_reason": "动图推荐AVIF，压缩效率和质量平衡最佳",
  "time_ms": 712
}
2025/11/09 16:39:27 📥 AI prediction request | Tool=jxl | Quality=85 | Mode=balanced | Image=/Users/nyamiiko/Documents/git/Pixly/@test/test.library/images/MHQ4UZJ618M2S.info/问号.jxl
2025/11/09 16:39:31 ❌ AI prediction failed: execute: Python推理失败 (尝试 1/1): exit status 1
2025/11/09 16:39:32 📥 AI prediction request | Tool=jxl | Quality=85 | Mode=balanced | Image=/Users/nyamiiko/Documents/git/Pixly/@test/test.library/images/MHQ4UZJ618M2S.info/问号.jxl
2025/11/09 16:39:32 ❌ AI prediction failed: execute: Python推理失败 (尝试 1/1): exit status 1
2025/11/09 16:39:33 📥 AI prediction request | Tool=jxl | Quality=85 | Mode=balanced | Image=/Users/nyamiiko/Documents/git/Pixly/@test/test.library/images/MHQ4UZJ618M2S.info/问号.jxl
2025/11/09 16:39:33 ❌ AI prediction failed: execute: Python推理失败 (尝试 1/1): exit status 1
2025/11/09 16:39:33 📥 AI prediction request | Tool=jxl | Quality=95 | Mode=quality | Image=/Users/nyamiiko/Documents/git/Pixly/@test/test.library/images/MHQ4UZJ618M2S.info/问号.jxl
2025/11/09 16:39:34 ❌ AI prediction failed: execute: Python推理失败 (尝试 1/1): exit status 1
2025/11/09 16:39:34 📥 AI prediction request | Tool=jxl | Quality=95 | Mode=quality | Image=/Users/nyamiiko/Documents/git/Pixly/@test/test.library/images/MHQ4UZJ618M2S.info/问号.jxl
2025/11/09 16:39:35 ❌ AI prediction failed: execute: Python推理失败 (尝试 1/1): exit status 1
2025/11/09 16:39:36 📥 AI prediction request | Tool=jxl | Quality=95 | Mode=quality | Image=/Users/nyamiiko/Documents/git/Pixly/@test/test.library/images/MHQ4UZJ618M2S.info/问号.jxl
2025/11/09 16:39:36 ❌ AI prediction failed: execute: Python推理失败 (尝试 1/1): exit status 1
2025/11/09 16:39:36 📥 AI prediction request | Tool=jxl | Quality=85 | Mode=balanced | Image=/Users/nyamiiko/Documents/git/Pixly/@test/test.library/images/MHQ4UZJ618M2S.info/问号.jxl
2025/11/09 16:39:37 ❌ AI prediction failed: execute: Python推理失败 (尝试 1/1): exit status 1
2025/11/09 16:39:37 📥 AI prediction request | Tool=jxl | Quality=85 | Mode=balanced | Image=/Users/nyamiiko/Documents/git/Pixly/@test/test.library/images/MHQ4UZJ618M2S.info/问号.jxl
2025/11/09 16:39:38 ❌ AI prediction failed: execute: Python推理失败 (尝试 1/1): exit status 1
2025/11/09 16:39:39 📥 AI prediction request | Tool=jxl | Quality=85 | Mode=balanced | Image=/Users/nyamiiko/Documents/git/Pixly/@test/test.library/images/MHQ4UZJ618M2S.info/问号.jxl
2025/11/09 16:39:39 ❌ AI prediction failed: execute: Python推理失败 (尝试 1/1): exit status 1
2025/11/09 16:39:59 📥 AI prediction request | Tool=jxl | Quality=85 | Mode=balanced | Image=/Users/nyamiiko/Documents/git/Pixly/@test/test.library/images/MHQ4UZJ618M2S.info/问号.jxl
2025/11/09 16:40:00 ❌ AI prediction failed: execute: Python推理失败 (尝试 1/1): exit status 1
2025/11/09 16:40:01 📥 AI prediction request | Tool=jxl | Quality=85 | Mode=balanced | Image=/Users/nyamiiko/Documents/git/Pixly/@test/test.library/images/MHQ4UZJ618M2S.info/问号.jxl
2025/11/09 16:40:02 ❌ AI prediction failed: execute: Python推理失败 (尝试 1/1): exit status 1
2025/11/09 16:40:02 📥 AI prediction request | Tool=jxl | Quality=85 | Mode=balanced | Image=/Users/nyamiiko/Documents/git/Pixly/@test/test.library/images/MHQ4UZJ618M2S.info/问号.jxl
2025/11/09 16:40:03 ❌ AI prediction failed: execute: Python推理失败 (尝试 1/1): exit status 1
2025/11/09 16:40:03 📥 AI prediction request | Tool=jxl | Quality=95 | Mode=quality | Image=/Users/nyamiiko/Documents/git/Pixly/@test/test.library/images/MHQ4UZJ618M2S.info/问号.jxl
2025/11/09 16:40:04 ❌ AI prediction failed: execute: Python推理失败 (尝试 1/1): exit status 1
2025/11/09 16:40:04 📥 AI prediction request | Tool=jxl | Quality=95 | Mode=quality | Image=/Users/nyamiiko/Documents/git/Pixly/@test/test.library/images/MHQ4UZJ618M2S.info/问号.jxl
2025/11/09 16:40:05 ❌ AI prediction failed: execute: Python推理失败 (尝试 1/1): exit status 1
2025/11/09 16:40:05 📥 AI prediction request | Tool=jxl | Quality=95 | Mode=quality | Image=/Users/nyamiiko/Documents/git/Pixly/@test/test.library/images/MHQ4UZJ618M2S.info/问号.jxl
2025/11/09 16:40:06 ❌ AI prediction failed: execute: Python推理失败 (尝试 1/1): exit status 1
2025/11/09 16:40:06 📥 AI prediction request | Tool=jxl | Quality=85 | Mode=balanced | Image=/Users/nyamiiko/Documents/git/Pixly/@test/test.library/images/MHQ4UZJ618M2S.info/问号.jxl
2025/11/09 16:40:06 ❌ AI prediction failed: execute: Python推理失败 (尝试 1/1): exit status 1
2025/11/09 16:40:07 📥 AI prediction request | Tool=jxl | Quality=85 | Mode=balanced | Image=/Users/nyamiiko/Documents/git/Pixly/@test/test.library/images/MHQ4UZJ618M2S.info/问号.jxl
2025/11/09 16:40:08 ❌ AI prediction failed: execute: Python推理失败 (尝试 1/1): exit status 1
2025/11/09 16:40:08 📥 AI prediction request | Tool=jxl | Quality=85 | Mode=balanced | Image=/Users/nyamiiko/Documents/git/Pixly/@test/test.library/images/MHQ4UZJ618M2S.info/问号.jxl
2025/11/09 16:40:09 ❌ AI prediction failed: execute: Python推理失败 (尝试 1/1): exit status 1
2025/11/09 16:40:44 📥 AI prediction request | Tool=jxl | Quality=85 | Mode=balanced | Image=/Users/nyamiiko/Documents/git/Pixly/@test/test.library/images/MHQ4UZJ6K9HXU.info/酸了.jxl
2025/11/09 16:40:45 ❌ AI prediction failed: execute: Python推理失败 (尝试 1/1): exit status 1
2025/11/09 16:40:46 📥 AI prediction request | Tool=jxl | Quality=85 | Mode=balanced | Image=/Users/nyamiiko/Documents/git/Pixly/@test/test.library/images/MHQ4UZJ6K9HXU.info/酸了.jxl
2025/11/09 16:40:47 ❌ AI prediction failed: execute: Python推理失败 (尝试 1/1): exit status 1
2025/11/09 16:40:47 📥 AI prediction request | Tool=jxl | Quality=85 | Mode=balanced | Image=/Users/nyamiiko/Documents/git/Pixly/@test/test.library/images/MHQ4UZJ6K9HXU.info/酸了.jxl
2025/11/09 16:40:48 ❌ AI prediction failed: execute: Python推理失败 (尝试 1/1): exit status 1
2025/11/09 16:40:48 📥 AI prediction request | Tool=jxl | Quality=95 | Mode=quality | Image=/Users/nyamiiko/Documents/git/Pixly/@test/test.library/images/MHQ4UZJ6K9HXU.info/酸了.jxl
2025/11/09 16:40:49 ❌ AI prediction failed: execute: Python推理失败 (尝试 1/1): exit status 1
2025/11/09 16:40:49 📥 AI prediction request | Tool=jxl | Quality=95 | Mode=quality | Image=/Users/nyamiiko/Documents/git/Pixly/@test/test.library/images/MHQ4UZJ6K9HXU.info/酸了.jxl
2025/11/09 16:40:50 ❌ AI prediction failed: execute: Python推理失败 (尝试 1/1): exit status 1
2025/11/09 16:40:50 📥 AI prediction request | Tool=jxl | Quality=95 | Mode=quality | Image=/Users/nyamiiko/Documents/git/Pixly/@test/test.library/images/MHQ4UZJ6K9HXU.info/酸了.jxl
2025/11/09 16:40:51 ❌ AI prediction failed: execute: Python推理失败 (尝试 1/1): exit status 1
2025/11/09 16:40:51 📥 AI prediction request | Tool=jxl | Quality=85 | Mode=balanced | Image=/Users/nyamiiko/Documents/git/Pixly/@test/test.library/images/MHQ4UZJ6K9HXU.info/酸了.jxl
2025/11/09 16:40:52 ❌ AI prediction failed: execute: Python推理失败 (尝试 1/1): exit status 1
2025/11/09 16:40:52 📥 AI prediction request | Tool=jxl | Quality=85 | Mode=balanced | Image=/Users/nyamiiko/Documents/git/Pixly/@test/test.library/images/MHQ4UZJ6K9HXU.info/酸了.jxl
2025/11/09 16:40:53 ❌ AI prediction failed: execute: Python推理失败 (尝试 1/1): exit status 1
2025/11/09 16:40:54 📥 AI prediction request | Tool=jxl | Quality=85 | Mode=balanced | Image=/Users/nyamiiko/Documents/git/Pixly/@test/test.library/images/MHQ4UZJ6K9HXU.info/酸了.jxl
2025/11/09 16:40:54 ❌ AI prediction failed: execute: Python推理失败 (尝试 1/1): exit status 1
2025/11/09 16:42:18 📥 AI prediction request | Tool=jxl | Quality=85 | Mode=balanced | Image=/Users/nyamiiko/Documents/git/Pixly/@test/test.library/images/MHQ4UZJ6K9HXU.info/酸了.jxl
2025/11/09 16:42:19 ❌ AI prediction failed: execute: Python推理失败 (尝试 1/1): exit status 1
2025/11/09 16:42:20 📥 AI prediction request | Tool=jxl | Quality=85 | Mode=balanced | Image=/Users/nyamiiko/Documents/git/Pixly/@test/test.library/images/MHQ4UZJ6K9HXU.info/酸了.jxl
2025/11/09 16:42:20 ❌ AI prediction failed: execute: Python推理失败 (尝试 1/1): exit status 1
2025/11/09 16:42:21 📥 AI prediction request | Tool=jxl | Quality=85 | Mode=balanced | Image=/Users/nyamiiko/Documents/git/Pixly/@test/test.library/images/MHQ4UZJ6K9HXU.info/酸了.jxl
2025/11/09 16:42:22 ❌ AI prediction failed: execute: Python推理失败 (尝试 1/1): exit status 1
2025/11/09 16:42:22 📥 AI prediction request | Tool=jxl | Quality=95 | Mode=quality | Image=/Users/nyamiiko/Documents/git/Pixly/@test/test.library/images/MHQ4UZJ6K9HXU.info/酸了.jxl
2025/11/09 16:42:23 ❌ AI prediction failed: execute: Python推理失败 (尝试 1/1): exit status 1
2025/11/09 16:42:23 📥 AI prediction request | Tool=jxl | Quality=95 | Mode=quality | Image=/Users/nyamiiko/Documents/git/Pixly/@test/test.library/images/MHQ4UZJ6K9HXU.info/酸了.jxl
2025/11/09 16:42:24 ❌ AI prediction failed: execute: Python推理失败 (尝试 1/1): exit status 1
2025/11/09 16:42:24 📥 AI prediction request | Tool=jxl | Quality=95 | Mode=quality | Image=/Users/nyamiiko/Documents/git/Pixly/@test/test.library/images/MHQ4UZJ6K9HXU.info/酸了.jxl
2025/11/09 16:42:25 ❌ AI prediction failed: execute: Python推理失败 (尝试 1/1): exit status 1
2025/11/09 16:42:25 📥 AI prediction request | Tool=jxl | Quality=85 | Mode=balanced | Image=/Users/nyamiiko/Documents/git/Pixly/@test/test.library/images/MHQ4UZJ6K9HXU.info/酸了.jxl
2025/11/09 16:42:26 ❌ AI prediction failed: execute: Python推理失败 (尝试 1/1): exit status 1
2025/11/09 16:42:26 📥 AI prediction request | Tool=jxl | Quality=85 | Mode=balanced | Image=/Users/nyamiiko/Documents/git/Pixly/@test/test.library/images/MHQ4UZJ6K9HXU.info/酸了.jxl
2025/11/09 16:42:27 ❌ AI prediction failed: execute: Python推理失败 (尝试 1/1): exit status 1
2025/11/09 16:42:27 📥 AI prediction request | Tool=jxl | Quality=85 | Mode=balanced | Image=/Users/nyamiiko/Documents/git/Pixly/@test/test.library/images/MHQ4UZJ6K9HXU.info/酸了.jxl
2025/11/09 16:42:28 ❌ AI prediction failed: execute: Python推理失败 (尝试 1/1): exit status 1
2025/11/09 16:43:15 📥 AI prediction request | Tool=jxl | Quality=85 | Mode=balanced | Image=/Users/nyamiiko/Documents/git/Pixly/@test/test.library/images/MHQ4UZJ6K9HXU.info/酸了.jxl
2025/11/09 16:43:16 ❌ AI prediction failed: execute: Python推理失败 (尝试 1/1): exit status 1
2025/11/09 16:43:17 📥 AI prediction request | Tool=jxl | Quality=85 | Mode=balanced | Image=/Users/nyamiiko/Documents/git/Pixly/@test/test.library/images/MHQ4UZJ6K9HXU.info/酸了.jxl
2025/11/09 16:43:17 ❌ AI prediction failed: execute: Python推理失败 (尝试 1/1): exit status 1
2025/11/09 16:43:18 📥 AI prediction request | Tool=jxl | Quality=85 | Mode=balanced | Image=/Users/nyamiiko/Documents/git/Pixly/@test/test.library/images/MHQ4UZJ6K9HXU.info/酸了.jxl
2025/11/09 16:43:18 ❌ AI prediction failed: execute: Python推理失败 (尝试 1/1): exit status 1
2025/11/09 16:43:18 📥 AI prediction request | Tool=jxl | Quality=95 | Mode=quality | Image=/Users/nyamiiko/Documents/git/Pixly/@test/test.library/images/MHQ4UZJ6K9HXU.info/酸了.jxl
2025/11/09 16:43:19 ❌ AI prediction failed: execute: Python推理失败 (尝试 1/1): exit status 1
2025/11/09 16:43:20 📥 AI prediction request | Tool=jxl | Quality=95 | Mode=quality | Image=/Users/nyamiiko/Documents/git/Pixly/@test/test.library/images/MHQ4UZJ6K9HXU.info/酸了.jxl
2025/11/09 16:43:20 ❌ AI prediction failed: execute: Python推理失败 (尝试 1/1): exit status 1
2025/11/09 16:43:21 📥 AI prediction request | Tool=jxl | Quality=95 | Mode=quality | Image=/Users/nyamiiko/Documents/git/Pixly/@test/test.library/images/MHQ4UZJ6K9HXU.info/酸了.jxl
2025/11/09 16:43:21 ❌ AI prediction failed: execute: Python推理失败 (尝试 1/1): exit status 1
2025/11/09 16:43:21 📥 AI prediction request | Tool=jxl | Quality=85 | Mode=balanced | Image=/Users/nyamiiko/Documents/git/Pixly/@test/test.library/images/MHQ4UZJ6K9HXU.info/酸了.jxl
2025/11/09 16:43:22 ❌ AI prediction failed: execute: Python推理失败 (尝试 1/1): exit status 1
2025/11/09 16:43:23 📥 AI prediction request | Tool=jxl | Quality=85 | Mode=balanced | Image=/Users/nyamiiko/Documents/git/Pixly/@test/test.library/images/MHQ4UZJ6K9HXU.info/酸了.jxl
2025/11/09 16:43:23 ❌ AI prediction failed: execute: Python推理失败 (尝试 1/1): exit status 1
2025/11/09 16:43:24 📥 AI prediction request | Tool=jxl | Quality=85 | Mode=balanced | Image=/Users/nyamiiko/Documents/git/Pixly/@test/test.library/images/MHQ4UZJ6K9HXU.info/酸了.jxl
2025/11/09 16:43:24 ❌ AI prediction failed: execute: Python推理失败 (尝试 1/1): exit status 1
2025/11/09 16:43:30 📥 AI prediction request | Tool=jxl | Quality=85 | Mode=balanced | Image=/Users/nyamiiko/Documents/git/Pixly/@test/test.library/images/MHQ4UZJ6WXSX6.info/跪了.jxl
2025/11/09 16:43:31 ❌ AI prediction failed: execute: Python推理失败 (尝试 1/1): exit status 1
2025/11/09 16:43:32 📥 AI prediction request | Tool=jxl | Quality=85 | Mode=balanced | Image=/Users/nyamiiko/Documents/git/Pixly/@test/test.library/images/MHQ4UZJ6WXSX6.info/跪了.jxl
2025/11/09 16:43:32 ❌ AI prediction failed: execute: Python推理失败 (尝试 1/1): exit status 1
2025/11/09 16:43:33 📥 AI prediction request | Tool=jxl | Quality=85 | Mode=balanced | Image=/Users/nyamiiko/Documents/git/Pixly/@test/test.library/images/MHQ4UZJ6WXSX6.info/跪了.jxl
2025/11/09 16:43:34 ❌ AI prediction failed: execute: Python推理失败 (尝试 1/1): exit status 1
2025/11/09 16:43:34 📥 AI prediction request | Tool=jxl | Quality=95 | Mode=quality | Image=/Users/nyamiiko/Documents/git/Pixly/@test/test.library/images/MHQ4UZJ6WXSX6.info/跪了.jxl
2025/11/09 16:43:34 ❌ AI prediction failed: execute: Python推理失败 (尝试 1/1): exit status 1
2025/11/09 16:46:39 📥 AI prediction request | Tool=jxl | Quality=85 | Mode=balanced | Image=/Users/nyamiiko/Documents/git/Pixly/@test/test.library/images/MHQ4UZJ6YL23Z.info/晚安.jxl
2025/11/09 16:46:40 ❌ AI prediction failed: execute: Python推理失败 (尝试 1/1): exit status 1
2025/11/09 16:49:47 📥 AI prediction request | Tool=jxl | Quality=85 | Mode=balanced | Image=/Users/nyamiiko/Documents/git/Pixly/@test/test.library/images/MHQ4UZJ6Q2VVM.info/心动了.gif
2025/11/09 16:49:48 ✅ AI prediction succeeded | Q=85 d=0.5 | Confidence=0.50 | Time=1237ms
📤 [DEBUG] Sending response:
{
  "success": true,
  "params": {
    "quality": 85,
    "distance": 0.5,
    "effort": 7,
    "quantizer": 0,
    "speed": 0,
    "method": 0,
    "confidence": 0.5
  },
  "confidence": 0.5,
  "recommended_format": "avif",
  "format_reason": "动图推荐AVIF，压缩效率和质量平衡最佳",
  "time_ms": 1237
}
2025/11/09 16:49:48 📥 AI prediction request | Tool=jxl | Quality=95 | Mode=quality | Image=/Users/nyamiiko/Documents/git/Pixly/@test/test.library/images/MHQ4UZJ6Q2VVM.info/心动了.gif
2025/11/09 16:49:49 ✅ AI prediction succeeded | Q=95 d=0.0 | Confidence=0.50 | Time=677ms
📤 [DEBUG] Sending response:
{
  "success": true,
  "params": {
    "quality": 95,
    "distance": 0,
    "effort": 7,
    "quantizer": 0,
    "speed": 0,
    "method": 0,
    "confidence": 0.5
  },
  "confidence": 0.5,
  "recommended_format": "avif",
  "format_reason": "动图推荐AVIF，压缩效率和质量平衡最佳",
  "time_ms": 677
}
2025/11/09 16:49:49 📥 AI prediction request | Tool=jxl | Quality=85 | Mode=balanced | Image=/Users/nyamiiko/Documents/git/Pixly/@test/test.library/images/MHQ4UZJ6Q2VVM.info/心动了.gif
2025/11/09 16:49:49 ✅ AI prediction succeeded | Q=85 d=0.5 | Confidence=0.50 | Time=635ms
📤 [DEBUG] Sending response:
{
  "success": true,
  "params": {
    "quality": 85,
    "distance": 0.5,
    "effort": 7,
    "quantizer": 0,
    "speed": 0,
    "method": 0,
    "confidence": 0.5
  },
  "confidence": 0.5,
  "recommended_format": "avif",
  "format_reason": "动图推荐AVIF，压缩效率和质量平衡最佳",
  "time_ms": 635
}
2025/11/09 16:56:24 📥 AI prediction request | Tool=jxl | Quality=85 | Mode=balanced | Image=/Users/nyamiiko/Documents/git/Pixly/@test/test.library/images/MHQ4UZJ6K9KCV.info/撒红包.gif
2025/11/09 16:56:25 ✅ AI prediction succeeded | Q=85 d=0.5 | Confidence=0.50 | Time=1215ms
📤 [DEBUG] Sending response:
{
  "success": true,
  "params": {
    "quality": 85,
    "distance": 0.5,
    "effort": 7,
    "quantizer": 0,
    "speed": 0,
    "method": 0,
    "confidence": 0.5
  },
  "confidence": 0.5,
  "recommended_format": "avif",
  "format_reason": "动图推荐AVIF，压缩效率和质量平衡最佳",
  "time_ms": 1215
}
2025/11/09 16:56:25 📥 AI prediction request | Tool=jxl | Quality=95 | Mode=quality | Image=/Users/nyamiiko/Documents/git/Pixly/@test/test.library/images/MHQ4UZJ6K9KCV.info/撒红包.gif
2025/11/09 16:56:26 ✅ AI prediction succeeded | Q=95 d=0.0 | Confidence=0.50 | Time=582ms
📤 [DEBUG] Sending response:
{
  "success": true,
  "params": {
    "quality": 95,
    "distance": 0,
    "effort": 7,
    "quantizer": 0,
    "speed": 0,
    "method": 0,
    "confidence": 0.5
  },
  "confidence": 0.5,
  "recommended_format": "avif",
  "format_reason": "动图推荐AVIF，压缩效率和质量平衡最佳",
  "time_ms": 582
}
2025/11/09 16:56:26 📥 AI prediction request | Tool=jxl | Quality=85 | Mode=balanced | Image=/Users/nyamiiko/Documents/git/Pixly/@test/test.library/images/MHQ4UZJ6K9KCV.info/撒红包.gif
2025/11/09 16:56:26 ✅ AI prediction succeeded | Q=85 d=0.5 | Confidence=0.50 | Time=573ms
📤 [DEBUG] Sending response:
{
  "success": true,
  "params": {
    "quality": 85,
    "distance": 0.5,
    "effort": 7,
    "quantizer": 0,
    "speed": 0,
    "method": 0,
    "confidence": 0.5
  },
  "confidence": 0.5,
  "recommended_format": "avif",
  "format_reason": "动图推荐AVIF，压缩效率和质量平衡最佳",
  "time_ms": 573
}
2025/11/09 16:57:24 📥 AI prediction request | Tool=jxl | Quality=85 | Mode=balanced | Image=/Users/nyamiiko/Documents/git/Pixly/@test/test.library/images/MHQ4UZJ6M3GNV.info/无语.gif
2025/11/09 16:57:25 ✅ AI prediction succeeded | Q=85 d=0.5 | Confidence=0.50 | Time=1393ms
📤 [DEBUG] Sending response:
{
  "success": true,
  "params": {
    "quality": 85,
    "distance": 0.5,
    "effort": 7,
    "quantizer": 0,
    "speed": 0,
    "method": 0,
    "confidence": 0.5
  },
  "confidence": 0.5,
  "recommended_format": "avif",
  "format_reason": "动图推荐AVIF，压缩效率和质量平衡最佳",
  "time_ms": 1393
}
2025/11/09 16:57:25 📥 AI prediction request | Tool=jxl | Quality=95 | Mode=quality | Image=/Users/nyamiiko/Documents/git/Pixly/@test/test.library/images/MHQ4UZJ6M3GNV.info/无语.gif
2025/11/09 16:57:26 ✅ AI prediction succeeded | Q=95 d=0.0 | Confidence=0.50 | Time=709ms
📤 [DEBUG] Sending response:
{
  "success": true,
  "params": {
    "quality": 95,
    "distance": 0,
    "effort": 7,
    "quantizer": 0,
    "speed": 0,
    "method": 0,
    "confidence": 0.5
  },
  "confidence": 0.5,
  "recommended_format": "avif",
  "format_reason": "动图推荐AVIF，压缩效率和质量平衡最佳",
  "time_ms": 709
}
2025/11/09 16:57:26 📥 AI prediction request | Tool=jxl | Quality=85 | Mode=balanced | Image=/Users/nyamiiko/Documents/git/Pixly/@test/test.library/images/MHQ4UZJ6M3GNV.info/无语.gif
2025/11/09 16:57:27 ✅ AI prediction succeeded | Q=85 d=0.5 | Confidence=0.50 | Time=900ms
📤 [DEBUG] Sending response:
{
  "success": true,
  "params": {
    "quality": 85,
    "distance": 0.5,
    "effort": 7,
    "quantizer": 0,
    "speed": 0,
    "method": 0,
    "confidence": 0.5
  },
  "confidence": 0.5,
  "recommended_format": "avif",
  "format_reason": "动图推荐AVIF，压缩效率和质量平衡最佳",
  "time_ms": 900
}
2025/11/09 16:58:43 📥 AI prediction request | Tool=jxl | Quality=85 | Mode=balanced | Image=/Users/nyamiiko/Documents/git/Pixly/@test/test.library/images/MHQ4UZJ6Q2VVM.info/心动了.jxl
2025/11/09 16:58:44 ❌ AI prediction failed: execute: Python推理失败 (尝试 1/1): exit status 1
2025/11/09 16:58:45 📥 AI prediction request | Tool=jxl | Quality=85 | Mode=balanced | Image=/Users/nyamiiko/Documents/git/Pixly/@test/test.library/images/MHQ4UZJ6Q2VVM.info/心动了.jxl
2025/11/09 16:58:46 ❌ AI prediction failed: execute: Python推理失败 (尝试 1/1): exit status 1
2025/11/09 16:58:46 📥 AI prediction request | Tool=jxl | Quality=85 | Mode=balanced | Image=/Users/nyamiiko/Documents/git/Pixly/@test/test.library/images/MHQ4UZJ6Q2VVM.info/心动了.jxl
2025/11/09 16:58:47 ❌ AI prediction failed: execute: Python推理失败 (尝试 1/1): exit status 1
2025/11/09 16:58:47 📥 AI prediction request | Tool=jxl | Quality=95 | Mode=quality | Image=/Users/nyamiiko/Documents/git/Pixly/@test/test.library/images/MHQ4UZJ6Q2VVM.info/心动了.jxl
2025/11/09 16:58:48 ❌ AI prediction failed: execute: Python推理失败 (尝试 1/1): exit status 1
2025/11/09 16:58:48 📥 AI prediction request | Tool=jxl | Quality=95 | Mode=quality | Image=/Users/nyamiiko/Documents/git/Pixly/@test/test.library/images/MHQ4UZJ6Q2VVM.info/心动了.jxl
2025/11/09 16:58:49 ❌ AI prediction failed: execute: Python推理失败 (尝试 1/1): exit status 1
2025/11/09 16:58:50 📥 AI prediction request | Tool=jxl | Quality=95 | Mode=quality | Image=/Users/nyamiiko/Documents/git/Pixly/@test/test.library/images/MHQ4UZJ6Q2VVM.info/心动了.jxl
2025/11/09 16:58:50 ❌ AI prediction failed: execute: Python推理失败 (尝试 1/1): exit status 1
2025/11/09 16:58:50 📥 AI prediction request | Tool=jxl | Quality=85 | Mode=balanced | Image=/Users/nyamiiko/Documents/git/Pixly/@test/test.library/images/MHQ4UZJ6Q2VVM.info/心动了.jxl
2025/11/09 16:58:51 ❌ AI prediction failed: execute: Python推理失败 (尝试 1/1): exit status 1
2025/11/09 16:58:52 📥 AI prediction request | Tool=jxl | Quality=85 | Mode=balanced | Image=/Users/nyamiiko/Documents/git/Pixly/@test/test.library/images/MHQ4UZJ6Q2VVM.info/心动了.jxl
2025/11/09 16:58:52 ❌ AI prediction failed: execute: Python推理失败 (尝试 1/1): exit status 1
2025/11/09 16:58:53 📥 AI prediction request | Tool=jxl | Quality=85 | Mode=balanced | Image=/Users/nyamiiko/Documents/git/Pixly/@test/test.library/images/MHQ4UZJ6Q2VVM.info/心动了.jxl
2025/11/09 16:58:54 ❌ AI prediction failed: execute: Python推理失败 (尝试 1/1): exit status 1
2025/11/09 16:59:32 📥 AI prediction request | Tool=jxl | Quality=85 | Mode=balanced | Image=/Users/nyamiiko/Documents/git/Pixly/@test/test.library/images/MHQ4UZJ6Q2VVM.info/心动了.jxl
2025/11/09 16:59:33 ❌ AI prediction failed: execute: Python推理失败 (尝试 1/1): exit status 1
2025/11/09 16:59:34 📥 AI prediction request | Tool=jxl | Quality=85 | Mode=balanced | Image=/Users/nyamiiko/Documents/git/Pixly/@test/test.library/images/MHQ4UZJ6Q2VVM.info/心动了.jxl
2025/11/09 16:59:35 ❌ AI prediction failed: execute: Python推理失败 (尝试 1/1): exit status 1
2025/11/09 16:59:35 📥 AI prediction request | Tool=jxl | Quality=85 | Mode=balanced | Image=/Users/nyamiiko/Documents/git/Pixly/@test/test.library/images/MHQ4UZJ6Q2VVM.info/心动了.jxl
2025/11/09 16:59:36 ❌ AI prediction failed: execute: Python推理失败 (尝试 1/1): exit status 1
2025/11/09 16:59:36 📥 AI prediction request | Tool=jxl | Quality=95 | Mode=quality | Image=/Users/nyamiiko/Documents/git/Pixly/@test/test.library/images/MHQ4UZJ6Q2VVM.info/心动了.jxl
2025/11/09 16:59:37 ❌ AI prediction failed: execute: Python推理失败 (尝试 1/1): exit status 1
2025/11/09 16:59:38 📥 AI prediction request | Tool=jxl | Quality=95 | Mode=quality | Image=/Users/nyamiiko/Documents/git/Pixly/@test/test.library/images/MHQ4UZJ6Q2VVM.info/心动了.jxl
2025/11/09 16:59:38 ❌ AI prediction failed: execute: Python推理失败 (尝试 1/1): exit status 1
2025/11/09 16:59:39 📥 AI prediction request | Tool=jxl | Quality=95 | Mode=quality | Image=/Users/nyamiiko/Documents/git/Pixly/@test/test.library/images/MHQ4UZJ6Q2VVM.info/心动了.jxl
2025/11/09 16:59:40 ❌ AI prediction failed: execute: Python推理失败 (尝试 1/1): exit status 1
2025/11/09 16:59:40 📥 AI prediction request | Tool=jxl | Quality=85 | Mode=balanced | Image=/Users/nyamiiko/Documents/git/Pixly/@test/test.library/images/MHQ4UZJ6Q2VVM.info/心动了.jxl
2025/11/09 16:59:40 ❌ AI prediction failed: execute: Python推理失败 (尝试 1/1): exit status 1
2025/11/09 16:59:41 📥 AI prediction request | Tool=jxl | Quality=85 | Mode=balanced | Image=/Users/nyamiiko/Documents/git/Pixly/@test/test.library/images/MHQ4UZJ6Q2VVM.info/心动了.jxl
2025/11/09 16:59:41 ❌ AI prediction failed: execute: Python推理失败 (尝试 1/1): exit status 1
2025/11/09 16:59:42 📥 AI prediction request | Tool=jxl | Quality=85 | Mode=balanced | Image=/Users/nyamiiko/Documents/git/Pixly/@test/test.library/images/MHQ4UZJ6Q2VVM.info/心动了.jxl
2025/11/09 16:59:43 ❌ AI prediction failed: execute: Python推理失败 (尝试 1/1): exit status 1
2025/11/09 16:59:48 📥 AI prediction request | Tool=jxl | Quality=85 | Mode=balanced | Image=/Users/nyamiiko/Documents/git/Pixly/@test/test.library/images/MHQ4UZJ6Q2VVM.info/心动了.jxl
2025/11/09 16:59:49 ❌ AI prediction failed: execute: Python推理失败 (尝试 1/1): exit status 1
2025/11/09 16:59:49 📥 AI prediction request | Tool=jxl | Quality=85 | Mode=balanced | Image=/Users/nyamiiko/Documents/git/Pixly/@test/test.library/images/MHQ4UZJ6Q2VVM.info/心动了.jxl
2025/11/09 16:59:50 ❌ AI prediction failed: execute: Python推理失败 (尝试 1/1): exit status 1
2025/11/09 16:59:51 📥 AI prediction request | Tool=jxl | Quality=85 | Mode=balanced | Image=/Users/nyamiiko/Documents/git/Pixly/@test/test.library/images/MHQ4UZJ6Q2VVM.info/心动了.jxl
2025/11/09 16:59:51 ❌ AI prediction failed: execute: Python推理失败 (尝试 1/1): exit status 1
2025/11/09 16:59:51 📥 AI prediction request | Tool=jxl | Quality=95 | Mode=quality | Image=/Users/nyamiiko/Documents/git/Pixly/@test/test.library/images/MHQ4UZJ6Q2VVM.info/心动了.jxl
2025/11/09 16:59:52 ❌ AI prediction failed: execute: Python推理失败 (尝试 1/1): exit status 1
2025/11/09 16:59:53 📥 AI prediction request | Tool=jxl | Quality=95 | Mode=quality | Image=/Users/nyamiiko/Documents/git/Pixly/@test/test.library/images/MHQ4UZJ6Q2VVM.info/心动了.jxl
2025/11/09 16:59:53 ❌ AI prediction failed: execute: Python推理失败 (尝试 1/1): exit status 1
2025/11/09 16:59:54 📥 AI prediction request | Tool=jxl | Quality=95 | Mode=quality | Image=/Users/nyamiiko/Documents/git/Pixly/@test/test.library/images/MHQ4UZJ6Q2VVM.info/心动了.jxl
2025/11/09 16:59:55 ❌ AI prediction failed: execute: Python推理失败 (尝试 1/1): exit status 1
2025/11/09 16:59:55 📥 AI prediction request | Tool=jxl | Quality=85 | Mode=balanced | Image=/Users/nyamiiko/Documents/git/Pixly/@test/test.library/images/MHQ4UZJ6Q2VVM.info/心动了.jxl
2025/11/09 16:59:55 ❌ AI prediction failed: execute: Python推理失败 (尝试 1/1): exit status 1
2025/11/09 16:59:56 📥 AI prediction request | Tool=jxl | Quality=85 | Mode=balanced | Image=/Users/nyamiiko/Documents/git/Pixly/@test/test.library/images/MHQ4UZJ6Q2VVM.info/心动了.jxl
2025/11/09 16:59:56 ❌ AI prediction failed: execute: Python推理失败 (尝试 1/1): exit status 1
2025/11/09 16:59:57 📥 AI prediction request | Tool=jxl | Quality=85 | Mode=balanced | Image=/Users/nyamiiko/Documents/git/Pixly/@test/test.library/images/MHQ4UZJ6Q2VVM.info/心动了.jxl
2025/11/09 16:59:58 ❌ AI prediction failed: execute: Python推理失败 (尝试 1/1): exit status 1
2025/11/09 17:01:33 📥 AI prediction request | Tool=jxl | Quality=85 | Mode=balanced | Image=/Users/nyamiiko/Documents/git/Pixly/@test/test.library/images/MHQ4UZJ6CQ55R.info/咕咕咕.gif
2025/11/09 17:01:34 ✅ AI prediction succeeded | Q=85 d=0.5 | Confidence=0.50 | Time=1168ms
📤 [DEBUG] Sending response:
{
  "success": true,
  "params": {
    "quality": 85,
    "distance": 0.5,
    "effort": 7,
    "quantizer": 0,
    "speed": 0,
    "method": 0,
    "confidence": 0.5
  },
  "confidence": 0.5,
  "recommended_format": "avif",
  "format_reason": "动图推荐AVIF，压缩效率和质量平衡最佳",
  "time_ms": 1168
}
2025/11/09 17:01:34 📥 AI prediction request | Tool=jxl | Quality=95 | Mode=quality | Image=/Users/nyamiiko/Documents/git/Pixly/@test/test.library/images/MHQ4UZJ6CQ55R.info/咕咕咕.gif
2025/11/09 17:01:35 ✅ AI prediction succeeded | Q=95 d=0.0 | Confidence=0.50 | Time=719ms
📤 [DEBUG] Sending response:
{
  "success": true,
  "params": {
    "quality": 95,
    "distance": 0,
    "effort": 7,
    "quantizer": 0,
    "speed": 0,
    "method": 0,
    "confidence": 0.5
  },
  "confidence": 0.5,
  "recommended_format": "avif",
  "format_reason": "动图推荐AVIF，压缩效率和质量平衡最佳",
  "time_ms": 719
}
2025/11/09 17:01:35 📥 AI prediction request | Tool=jxl | Quality=85 | Mode=balanced | Image=/Users/nyamiiko/Documents/git/Pixly/@test/test.library/images/MHQ4UZJ6CQ55R.info/咕咕咕.gif
2025/11/09 17:01:36 ✅ AI prediction succeeded | Q=85 d=0.5 | Confidence=0.50 | Time=713ms
📤 [DEBUG] Sending response:
{
  "success": true,
  "params": {
    "quality": 85,
    "distance": 0.5,
    "effort": 7,
    "quantizer": 0,
    "speed": 0,
    "method": 0,
    "confidence": 0.5
  },
  "confidence": 0.5,
  "recommended_format": "avif",
  "format_reason": "动图推荐AVIF，压缩效率和质量平衡最佳",
  "time_ms": 713
}
2025/11/09 17:03:22 📥 AI prediction request | Tool=jxl | Quality=85 | Mode=balanced | Image=/Users/nyamiiko/Documents/git/Pixly/@test/test.library/images/MHQ4UZJ6K9KCV.info/撒红包.jxl
2025/11/09 17:03:23 ❌ AI prediction failed: execute: Python推理失败 (尝试 1/1): exit status 1
2025/11/09 17:04:20 📥 AI prediction request | Tool=jxl | Quality=95 | Mode=quality | Image=/Users/nyamiiko/Documents/git/Pixly/@test/test.library/images/MHQ4UZJ8Q7NDB.info/posse_vomit.jpeg
2025/11/09 17:04:22 ✅ AI prediction succeeded | Q=95 d=0.0 | Confidence=0.50 | Time=1437ms
📤 [DEBUG] Sending response:
{
  "success": true,
  "params": {
    "quality": 95,
    "distance": 0,
    "effort": 7,
    "quantizer": 0,
    "speed": 0,
    "method": 0,
    "confidence": 0.5
  },
  "confidence": 0.5,
  "recommended_format": "jxl",
  "format_reason": "JPEG源文件，JXL无损转码保持完美质量且体积更小",
  "time_ms": 1437
}
2025/11/09 17:04:23 📥 AI prediction request | Tool=jxl | Quality=95 | Mode=quality | Image=/Users/nyamiiko/Documents/git/Pixly/@test/test.library/images/MHQ4UZJ8MY2PK.info/posse_wat.jpeg
2025/11/09 17:04:24 ✅ AI prediction succeeded | Q=95 d=0.0 | Confidence=0.50 | Time=871ms
📤 [DEBUG] Sending response:
{
  "success": true,
  "params": {
    "quality": 95,
    "distance": 0,
    "effort": 7,
    "quantizer": 0,
    "speed": 0,
    "method": 0,
    "confidence": 0.5
  },
  "confidence": 0.5,
  "recommended_format": "jxl",
  "format_reason": "JPEG源文件，JXL无损转码保持完美质量且体积更小",
  "time_ms": 871
}
2025/11/09 17:04:25 📥 AI prediction request | Tool=jxl | Quality=95 | Mode=quality | Image=/Users/nyamiiko/Documents/git/Pixly/@test/test.library/images/MHQ4UZJ8AKVYQ.info/posse_yipee.jpeg
2025/11/09 17:04:25 ✅ AI prediction succeeded | Q=95 d=0.0 | Confidence=0.50 | Time=951ms
📤 [DEBUG] Sending response:
{
  "success": true,
  "params": {
    "quality": 95,
    "distance": 0,
    "effort": 7,
    "quantizer": 0,
    "speed": 0,
    "method": 0,
    "confidence": 0.5
  },
  "confidence": 0.5,
  "recommended_format": "jxl",
  "format_reason": "JPEG源文件，JXL无损转码保持完美质量且体积更小",
  "time_ms": 951
}
2025/11/09 17:04:30 📥 AI prediction request | Tool=jxl | Quality=85 | Mode=balanced | Image=/Users/nyamiiko/Documents/git/Pixly/@test/test.library/images/MHQ4UZJ8Q7NDB.info/posse_vomit.jxl
2025/11/09 17:04:31 ❌ AI prediction failed: execute: Python推理失败 (尝试 1/1): exit status 1
2025/11/09 17:04:31 📥 AI prediction request | Tool=jxl | Quality=85 | Mode=balanced | Image=/Users/nyamiiko/Documents/git/Pixly/@test/test.library/images/MHQ4UZJ8Q7NDB.info/posse_vomit.jxl
2025/11/09 17:04:32 ❌ AI prediction failed: execute: Python推理失败 (尝试 1/1): exit status 1
2025/11/09 17:04:33 📥 AI prediction request | Tool=jxl | Quality=85 | Mode=balanced | Image=/Users/nyamiiko/Documents/git/Pixly/@test/test.library/images/MHQ4UZJ8Q7NDB.info/posse_vomit.jxl
2025/11/09 17:04:34 ❌ AI prediction failed: execute: Python推理失败 (尝试 1/1): exit status 1
2025/11/09 17:04:34 📥 AI prediction request | Tool=jxl | Quality=95 | Mode=quality | Image=/Users/nyamiiko/Documents/git/Pixly/@test/test.library/images/MHQ4UZJ8Q7NDB.info/posse_vomit.jxl
2025/11/09 17:04:34 ❌ AI prediction failed: execute: Python推理失败 (尝试 1/1): exit status 1
2025/11/09 17:04:35 📥 AI prediction request | Tool=jxl | Quality=95 | Mode=quality | Image=/Users/nyamiiko/Documents/git/Pixly/@test/test.library/images/MHQ4UZJ8Q7NDB.info/posse_vomit.jxl
2025/11/09 17:04:36 ❌ AI prediction failed: execute: Python推理失败 (尝试 1/1): exit status 1
2025/11/09 17:04:36 📥 AI prediction request | Tool=jxl | Quality=95 | Mode=quality | Image=/Users/nyamiiko/Documents/git/Pixly/@test/test.library/images/MHQ4UZJ8Q7NDB.info/posse_vomit.jxl
2025/11/09 17:04:37 ❌ AI prediction failed: execute: Python推理失败 (尝试 1/1): exit status 1
2025/11/09 17:04:37 📥 AI prediction request | Tool=jxl | Quality=85 | Mode=balanced | Image=/Users/nyamiiko/Documents/git/Pixly/@test/test.library/images/MHQ4UZJ8Q7NDB.info/posse_vomit.jxl
2025/11/09 17:04:37 ❌ AI prediction failed: execute: Python推理失败 (尝试 1/1): exit status 1
2025/11/09 17:04:38 📥 AI prediction request | Tool=jxl | Quality=85 | Mode=balanced | Image=/Users/nyamiiko/Documents/git/Pixly/@test/test.library/images/MHQ4UZJ8Q7NDB.info/posse_vomit.jxl
2025/11/09 17:04:39 ❌ AI prediction failed: execute: Python推理失败 (尝试 1/1): exit status 1
2025/11/09 17:04:39 📥 AI prediction request | Tool=jxl | Quality=85 | Mode=balanced | Image=/Users/nyamiiko/Documents/git/Pixly/@test/test.library/images/MHQ4UZJ8Q7NDB.info/posse_vomit.jxl
2025/11/09 17:04:40 ❌ AI prediction failed: execute: Python推理失败 (尝试 1/1): exit status 1
2025/11/09 17:04:41 📥 AI prediction request | Tool=jxl | Quality=85 | Mode=balanced | Image=/Users/nyamiiko/Documents/git/Pixly/@test/test.library/images/MHQ4UZJ8MY2PK.info/posse_wat.jxl
2025/11/09 17:04:41 ❌ AI prediction failed: execute: Python推理失败 (尝试 1/1): exit status 1
2025/11/09 17:04:42 📥 AI prediction request | Tool=jxl | Quality=85 | Mode=balanced | Image=/Users/nyamiiko/Documents/git/Pixly/@test/test.library/images/MHQ4UZJ8MY2PK.info/posse_wat.jxl
2025/11/09 17:04:43 ❌ AI prediction failed: execute: Python推理失败 (尝试 1/1): exit status 1
2025/11/09 17:04:43 📥 AI prediction request | Tool=jxl | Quality=85 | Mode=balanced | Image=/Users/nyamiiko/Documents/git/Pixly/@test/test.library/images/MHQ4UZJ8MY2PK.info/posse_wat.jxl
2025/11/09 17:04:44 ❌ AI prediction failed: execute: Python推理失败 (尝试 1/1): exit status 1
2025/11/09 17:04:44 📥 AI prediction request | Tool=jxl | Quality=95 | Mode=quality | Image=/Users/nyamiiko/Documents/git/Pixly/@test/test.library/images/MHQ4UZJ8MY2PK.info/posse_wat.jxl
2025/11/09 17:04:44 ❌ AI prediction failed: execute: Python推理失败 (尝试 1/1): exit status 1
2025/11/09 17:04:45 📥 AI prediction request | Tool=jxl | Quality=95 | Mode=quality | Image=/Users/nyamiiko/Documents/git/Pixly/@test/test.library/images/MHQ4UZJ8MY2PK.info/posse_wat.jxl
2025/11/09 17:04:45 ❌ AI prediction failed: execute: Python推理失败 (尝试 1/1): exit status 1
2025/11/09 17:04:46 📥 AI prediction request | Tool=jxl | Quality=95 | Mode=quality | Image=/Users/nyamiiko/Documents/git/Pixly/@test/test.library/images/MHQ4UZJ8MY2PK.info/posse_wat.jxl
2025/11/09 17:04:46 ❌ AI prediction failed: execute: Python推理失败 (尝试 1/1): exit status 1
2025/11/09 17:04:46 📥 AI prediction request | Tool=jxl | Quality=85 | Mode=balanced | Image=/Users/nyamiiko/Documents/git/Pixly/@test/test.library/images/MHQ4UZJ8MY2PK.info/posse_wat.jxl
2025/11/09 17:04:47 ❌ AI prediction failed: execute: Python推理失败 (尝试 1/1): exit status 1
2025/11/09 17:04:48 📥 AI prediction request | Tool=jxl | Quality=85 | Mode=balanced | Image=/Users/nyamiiko/Documents/git/Pixly/@test/test.library/images/MHQ4UZJ8MY2PK.info/posse_wat.jxl
2025/11/09 17:04:48 ❌ AI prediction failed: execute: Python推理失败 (尝试 1/1): exit status 1
2025/11/09 17:04:49 📥 AI prediction request | Tool=jxl | Quality=85 | Mode=balanced | Image=/Users/nyamiiko/Documents/git/Pixly/@test/test.library/images/MHQ4UZJ8MY2PK.info/posse_wat.jxl
2025/11/09 17:04:49 ❌ AI prediction failed: execute: Python推理失败 (尝试 1/1): exit status 1
2025/11/09 17:04:50 📥 AI prediction request | Tool=jxl | Quality=85 | Mode=balanced | Image=/Users/nyamiiko/Documents/git/Pixly/@test/test.library/images/MHQ4UZJ8AKVYQ.info/posse_yipee.jxl
2025/11/09 17:04:50 ❌ AI prediction failed: execute: Python推理失败 (尝试 1/1): exit status 1
2025/11/09 17:04:51 📥 AI prediction request | Tool=jxl | Quality=85 | Mode=balanced | Image=/Users/nyamiiko/Documents/git/Pixly/@test/test.library/images/MHQ4UZJ8AKVYQ.info/posse_yipee.jxl
2025/11/09 17:04:51 ❌ AI prediction failed: execute: Python推理失败 (尝试 1/1): exit status 1
2025/11/09 17:04:52 📥 AI prediction request | Tool=jxl | Quality=85 | Mode=balanced | Image=/Users/nyamiiko/Documents/git/Pixly/@test/test.library/images/MHQ4UZJ8AKVYQ.info/posse_yipee.jxl
2025/11/09 17:04:52 ❌ AI prediction failed: execute: Python推理失败 (尝试 1/1): exit status 1
2025/11/09 17:04:52 📥 AI prediction request | Tool=jxl | Quality=95 | Mode=quality | Image=/Users/nyamiiko/Documents/git/Pixly/@test/test.library/images/MHQ4UZJ8AKVYQ.info/posse_yipee.jxl
2025/11/09 17:04:53 ❌ AI prediction failed: execute: Python推理失败 (尝试 1/1): exit status 1
2025/11/09 17:04:54 📥 AI prediction request | Tool=jxl | Quality=95 | Mode=quality | Image=/Users/nyamiiko/Documents/git/Pixly/@test/test.library/images/MHQ4UZJ8AKVYQ.info/posse_yipee.jxl
2025/11/09 17:04:54 ❌ AI prediction failed: execute: Python推理失败 (尝试 1/1): exit status 1
2025/11/09 17:04:55 📥 AI prediction request | Tool=jxl | Quality=95 | Mode=quality | Image=/Users/nyamiiko/Documents/git/Pixly/@test/test.library/images/MHQ4UZJ8AKVYQ.info/posse_yipee.jxl
2025/11/09 17:04:55 ❌ AI prediction failed: execute: Python推理失败 (尝试 1/1): exit status 1
2025/11/09 17:04:55 📥 AI prediction request | Tool=jxl | Quality=85 | Mode=balanced | Image=/Users/nyamiiko/Documents/git/Pixly/@test/test.library/images/MHQ4UZJ8AKVYQ.info/posse_yipee.jxl
2025/11/09 17:04:56 ❌ AI prediction failed: execute: Python推理失败 (尝试 1/1): exit status 1
2025/11/09 17:04:56 📥 AI prediction request | Tool=jxl | Quality=85 | Mode=balanced | Image=/Users/nyamiiko/Documents/git/Pixly/@test/test.library/images/MHQ4UZJ8AKVYQ.info/posse_yipee.jxl
2025/11/09 17:04:57 ❌ AI prediction failed: execute: Python推理失败 (尝试 1/1): exit status 1
2025/11/09 17:04:57 📥 AI prediction request | Tool=jxl | Quality=85 | Mode=balanced | Image=/Users/nyamiiko/Documents/git/Pixly/@test/test.library/images/MHQ4UZJ8AKVYQ.info/posse_yipee.jxl
2025/11/09 17:04:58 ❌ AI prediction failed: execute: Python推理失败 (尝试 1/1): exit status 1
2025/11/09 17:07:30 📥 AI prediction request | Tool=jxl | Quality=85 | Mode=balanced | Image=/Users/nyamiiko/Documents/git/Pixly/@test/test.library/images/MHQ4UZJ8Q7NDB.info/posse_vomit.jxl
2025/11/09 17:07:31 ❌ AI prediction failed: execute: Python推理失败 (尝试 1/1): exit status 1
2025/11/09 17:07:32 📥 AI prediction request | Tool=jxl | Quality=85 | Mode=balanced | Image=/Users/nyamiiko/Documents/git/Pixly/@test/test.library/images/MHQ4UZJ8Q7NDB.info/posse_vomit.jxl
2025/11/09 17:07:33 ❌ AI prediction failed: execute: Python推理失败 (尝试 1/1): exit status 1
2025/11/09 17:07:33 📥 AI prediction request | Tool=jxl | Quality=85 | Mode=balanced | Image=/Users/nyamiiko/Documents/git/Pixly/@test/test.library/images/MHQ4UZJ8Q7NDB.info/posse_vomit.jxl
2025/11/09 17:07:34 ❌ AI prediction failed: execute: Python推理失败 (尝试 1/1): exit status 1
2025/11/09 17:07:34 📥 AI prediction request | Tool=jxl | Quality=95 | Mode=quality | Image=/Users/nyamiiko/Documents/git/Pixly/@test/test.library/images/MHQ4UZJ8Q7NDB.info/posse_vomit.jxl
2025/11/09 17:07:34 ❌ AI prediction failed: execute: Python推理失败 (尝试 1/1): exit status 1
2025/11/09 17:07:35 📥 AI prediction request | Tool=jxl | Quality=95 | Mode=quality | Image=/Users/nyamiiko/Documents/git/Pixly/@test/test.library/images/MHQ4UZJ8Q7NDB.info/posse_vomit.jxl
2025/11/09 17:07:35 ❌ AI prediction failed: execute: Python推理失败 (尝试 1/1): exit status 1
2025/11/09 17:07:36 📥 AI prediction request | Tool=jxl | Quality=95 | Mode=quality | Image=/Users/nyamiiko/Documents/git/Pixly/@test/test.library/images/MHQ4UZJ8Q7NDB.info/posse_vomit.jxl
2025/11/09 17:07:37 ❌ AI prediction failed: execute: Python推理失败 (尝试 1/1): exit status 1
2025/11/09 17:07:37 📥 AI prediction request | Tool=jxl | Quality=85 | Mode=balanced | Image=/Users/nyamiiko/Documents/git/Pixly/@test/test.library/images/MHQ4UZJ8Q7NDB.info/posse_vomit.jxl
2025/11/09 17:07:37 ❌ AI prediction failed: execute: Python推理失败 (尝试 1/1): exit status 1
2025/11/09 17:07:38 📥 AI prediction request | Tool=jxl | Quality=85 | Mode=balanced | Image=/Users/nyamiiko/Documents/git/Pixly/@test/test.library/images/MHQ4UZJ8Q7NDB.info/posse_vomit.jxl
2025/11/09 17:07:38 ❌ AI prediction failed: execute: Python推理失败 (尝试 1/1): exit status 1
2025/11/09 17:07:39 📥 AI prediction request | Tool=jxl | Quality=85 | Mode=balanced | Image=/Users/nyamiiko/Documents/git/Pixly/@test/test.library/images/MHQ4UZJ8Q7NDB.info/posse_vomit.jxl
2025/11/09 17:07:39 ❌ AI prediction failed: execute: Python推理失败 (尝试 1/1): exit status 1
2025/11/09 17:07:40 📥 AI prediction request | Tool=jxl | Quality=85 | Mode=balanced | Image=/Users/nyamiiko/Documents/git/Pixly/@test/test.library/images/MHQ4UZJ8MY2PK.info/posse_wat.jxl
2025/11/09 17:07:41 ❌ AI prediction failed: execute: Python推理失败 (尝试 1/1): exit status 1
2025/11/09 17:07:41 📥 AI prediction request | Tool=jxl | Quality=85 | Mode=balanced | Image=/Users/nyamiiko/Documents/git/Pixly/@test/test.library/images/MHQ4UZJ8MY2PK.info/posse_wat.jxl
2025/11/09 17:07:42 ❌ AI prediction failed: execute: Python推理失败 (尝试 1/1): exit status 1
2025/11/09 17:07:42 📥 AI prediction request | Tool=jxl | Quality=85 | Mode=balanced | Image=/Users/nyamiiko/Documents/git/Pixly/@test/test.library/images/MHQ4UZJ8MY2PK.info/posse_wat.jxl
2025/11/09 17:07:43 ❌ AI prediction failed: execute: Python推理失败 (尝试 1/1): exit status 1
2025/11/09 17:07:43 📥 AI prediction request | Tool=jxl | Quality=95 | Mode=quality | Image=/Users/nyamiiko/Documents/git/Pixly/@test/test.library/images/MHQ4UZJ8MY2PK.info/posse_wat.jxl
2025/11/09 17:07:43 ❌ AI prediction failed: execute: Python推理失败 (尝试 1/1): exit status 1
2025/11/09 17:07:44 📥 AI prediction request | Tool=jxl | Quality=95 | Mode=quality | Image=/Users/nyamiiko/Documents/git/Pixly/@test/test.library/images/MHQ4UZJ8MY2PK.info/posse_wat.jxl
2025/11/09 17:07:44 ❌ AI prediction failed: execute: Python推理失败 (尝试 1/1): exit status 1
2025/11/09 17:07:45 📥 AI prediction request | Tool=jxl | Quality=95 | Mode=quality | Image=/Users/nyamiiko/Documents/git/Pixly/@test/test.library/images/MHQ4UZJ8MY2PK.info/posse_wat.jxl
2025/11/09 17:07:45 ❌ AI prediction failed: execute: Python推理失败 (尝试 1/1): exit status 1
2025/11/09 17:07:46 📥 AI prediction request | Tool=jxl | Quality=85 | Mode=balanced | Image=/Users/nyamiiko/Documents/git/Pixly/@test/test.library/images/MHQ4UZJ8MY2PK.info/posse_wat.jxl
2025/11/09 17:07:46 ❌ AI prediction failed: execute: Python推理失败 (尝试 1/1): exit status 1
2025/11/09 17:07:47 📥 AI prediction request | Tool=jxl | Quality=85 | Mode=balanced | Image=/Users/nyamiiko/Documents/git/Pixly/@test/test.library/images/MHQ4UZJ8MY2PK.info/posse_wat.jxl
2025/11/09 17:07:47 ❌ AI prediction failed: execute: Python推理失败 (尝试 1/1): exit status 1
2025/11/09 17:07:48 📥 AI prediction request | Tool=jxl | Quality=85 | Mode=balanced | Image=/Users/nyamiiko/Documents/git/Pixly/@test/test.library/images/MHQ4UZJ8MY2PK.info/posse_wat.jxl
2025/11/09 17:07:48 ❌ AI prediction failed: execute: Python推理失败 (尝试 1/1): exit status 1
2025/11/09 17:07:49 📥 AI prediction request | Tool=jxl | Quality=85 | Mode=balanced | Image=/Users/nyamiiko/Documents/git/Pixly/@test/test.library/images/MHQ4UZJ8AKVYQ.info/posse_yipee.jxl
2025/11/09 17:07:49 ❌ AI prediction failed: execute: Python推理失败 (尝试 1/1): exit status 1
2025/11/09 17:07:50 📥 AI prediction request | Tool=jxl | Quality=85 | Mode=balanced | Image=/Users/nyamiiko/Documents/git/Pixly/@test/test.library/images/MHQ4UZJ8AKVYQ.info/posse_yipee.jxl
2025/11/09 17:07:50 ❌ AI prediction failed: execute: Python推理失败 (尝试 1/1): exit status 1
2025/11/09 17:07:51 📥 AI prediction request | Tool=jxl | Quality=85 | Mode=balanced | Image=/Users/nyamiiko/Documents/git/Pixly/@test/test.library/images/MHQ4UZJ8AKVYQ.info/posse_yipee.jxl
2025/11/09 17:07:51 ❌ AI prediction failed: execute: Python推理失败 (尝试 1/1): exit status 1
2025/11/09 17:07:51 📥 AI prediction request | Tool=jxl | Quality=95 | Mode=quality | Image=/Users/nyamiiko/Documents/git/Pixly/@test/test.library/images/MHQ4UZJ8AKVYQ.info/posse_yipee.jxl
2025/11/09 17:07:52 ❌ AI prediction failed: execute: Python推理失败 (尝试 1/1): exit status 1
2025/11/09 17:07:52 📥 AI prediction request | Tool=jxl | Quality=95 | Mode=quality | Image=/Users/nyamiiko/Documents/git/Pixly/@test/test.library/images/MHQ4UZJ8AKVYQ.info/posse_yipee.jxl
2025/11/09 17:07:53 ❌ AI prediction failed: execute: Python推理失败 (尝试 1/1): exit status 1
2025/11/09 17:07:54 📥 AI prediction request | Tool=jxl | Quality=95 | Mode=quality | Image=/Users/nyamiiko/Documents/git/Pixly/@test/test.library/images/MHQ4UZJ8AKVYQ.info/posse_yipee.jxl
2025/11/09 17:07:54 ❌ AI prediction failed: execute: Python推理失败 (尝试 1/1): exit status 1
2025/11/09 17:07:54 📥 AI prediction request | Tool=jxl | Quality=85 | Mode=balanced | Image=/Users/nyamiiko/Documents/git/Pixly/@test/test.library/images/MHQ4UZJ8AKVYQ.info/posse_yipee.jxl
2025/11/09 17:07:55 ❌ AI prediction failed: execute: Python推理失败 (尝试 1/1): exit status 1
2025/11/09 17:07:55 📥 AI prediction request | Tool=jxl | Quality=85 | Mode=balanced | Image=/Users/nyamiiko/Documents/git/Pixly/@test/test.library/images/MHQ4UZJ8AKVYQ.info/posse_yipee.jxl
2025/11/09 17:07:56 ❌ AI prediction failed: execute: Python推理失败 (尝试 1/1): exit status 1
2025/11/09 17:07:56 📥 AI prediction request | Tool=jxl | Quality=85 | Mode=balanced | Image=/Users/nyamiiko/Documents/git/Pixly/@test/test.library/images/MHQ4UZJ8AKVYQ.info/posse_yipee.jxl
2025/11/09 17:07:57 ❌ AI prediction failed: execute: Python推理失败 (尝试 1/1): exit status 1
2025/11/09 17:09:25 📥 AI prediction request | Tool=jxl | Quality=85 | Mode=balanced | Image=/Users/nyamiiko/Documents/git/Pixly/@test/test.library/images/MHQ4UZJ8GGAG5.info/posse_sick.png
2025/11/09 17:09:26 ✅ AI prediction succeeded | Q=85 d=0.5 | Confidence=0.50 | Time=1516ms
📤 [DEBUG] Sending response:
{
  "success": true,
  "params": {
    "quality": 85,
    "distance": 0.5,
    "effort": 7,
    "quantizer": 0,
    "speed": 0,
    "method": 0,
    "confidence": 0.5
  },
  "confidence": 0.5,
  "recommended_format": "webp",
  "format_reason": "透明图推荐WebP，兼容性和压缩率俱佳",
  "time_ms": 1516
}
2025/11/09 17:09:26 📥 AI prediction request | Tool=jxl | Quality=95 | Mode=quality | Image=/Users/nyamiiko/Documents/git/Pixly/@test/test.library/images/MHQ4UZJ8GGAG5.info/posse_sick.png
2025/11/09 17:09:27 ✅ AI prediction succeeded | Q=95 d=0.0 | Confidence=0.50 | Time=880ms
📤 [DEBUG] Sending response:
{
  "success": true,
  "params": {
    "quality": 95,
    "distance": 0,
    "effort": 7,
    "quantizer": 0,
    "speed": 0,
    "method": 0,
    "confidence": 0.5
  },
  "confidence": 0.5,
  "recommended_format": "webp",
  "format_reason": "透明图推荐WebP，兼容性和压缩率俱佳",
  "time_ms": 880
}
2025/11/09 17:09:27 📥 AI prediction request | Tool=jxl | Quality=85 | Mode=balanced | Image=/Users/nyamiiko/Documents/git/Pixly/@test/test.library/images/MHQ4UZJ8GGAG5.info/posse_sick.png
2025/11/09 17:09:28 ✅ AI prediction succeeded | Q=85 d=0.5 | Confidence=0.50 | Time=1028ms
📤 [DEBUG] Sending response:
{
  "success": true,
  "params": {
    "quality": 85,
    "distance": 0.5,
    "effort": 7,
    "quantizer": 0,
    "speed": 0,
    "method": 0,
    "confidence": 0.5
  },
  "confidence": 0.5,
  "recommended_format": "webp",
  "format_reason": "透明图推荐WebP，兼容性和压缩率俱佳",
  "time_ms": 1028
}
2025/11/09 17:09:59 📥 AI prediction request | Tool=jxl | Quality=85 | Mode=balanced | Image=/Users/nyamiiko/Documents/git/Pixly/@test/test.library/images/MHQ4UZJ8GGAG5.info/posse_sick.jxl
2025/11/09 17:10:00 ❌ AI prediction failed: execute: Python推理失败 (尝试 1/1): exit status 1
2025/11/09 17:10:01 📥 AI prediction request | Tool=jxl | Quality=85 | Mode=balanced | Image=/Users/nyamiiko/Documents/git/Pixly/@test/test.library/images/MHQ4UZJ8GGAG5.info/posse_sick.jxl
2025/11/09 17:10:01 ❌ AI prediction failed: execute: Python推理失败 (尝试 1/1): exit status 1
2025/11/09 17:10:02 📥 AI prediction request | Tool=jxl | Quality=85 | Mode=balanced | Image=/Users/nyamiiko/Documents/git/Pixly/@test/test.library/images/MHQ4UZJ8GGAG5.info/posse_sick.jxl
2025/11/09 17:10:02 ❌ AI prediction failed: execute: Python推理失败 (尝试 1/1): exit status 1
2025/11/09 17:10:02 📥 AI prediction request | Tool=jxl | Quality=95 | Mode=quality | Image=/Users/nyamiiko/Documents/git/Pixly/@test/test.library/images/MHQ4UZJ8GGAG5.info/posse_sick.jxl
2025/11/09 17:10:03 ❌ AI prediction failed: execute: Python推理失败 (尝试 1/1): exit status 1
2025/11/09 17:10:04 📥 AI prediction request | Tool=jxl | Quality=95 | Mode=quality | Image=/Users/nyamiiko/Documents/git/Pixly/@test/test.library/images/MHQ4UZJ8GGAG5.info/posse_sick.jxl
2025/11/09 17:10:04 ❌ AI prediction failed: execute: Python推理失败 (尝试 1/1): exit status 1
2025/11/09 17:10:05 📥 AI prediction request | Tool=jxl | Quality=95 | Mode=quality | Image=/Users/nyamiiko/Documents/git/Pixly/@test/test.library/images/MHQ4UZJ8GGAG5.info/posse_sick.jxl
2025/11/09 17:10:06 ❌ AI prediction failed: execute: Python推理失败 (尝试 1/1): exit status 1
2025/11/09 17:10:06 📥 AI prediction request | Tool=jxl | Quality=85 | Mode=balanced | Image=/Users/nyamiiko/Documents/git/Pixly/@test/test.library/images/MHQ4UZJ8GGAG5.info/posse_sick.jxl
2025/11/09 17:10:07 ❌ AI prediction failed: execute: Python推理失败 (尝试 1/1): exit status 1
2025/11/09 17:10:07 📥 AI prediction request | Tool=jxl | Quality=85 | Mode=balanced | Image=/Users/nyamiiko/Documents/git/Pixly/@test/test.library/images/MHQ4UZJ8GGAG5.info/posse_sick.jxl
2025/11/09 17:10:08 ❌ AI prediction failed: execute: Python推理失败 (尝试 1/1): exit status 1
2025/11/09 17:10:12 📥 AI prediction request | Tool=jxl | Quality=85 | Mode=balanced | Image=/Users/nyamiiko/Documents/git/Pixly/@test/test.library/images/MHQ4UZJ88ABBG.info/posse_shy.png
2025/11/09 17:10:13 ✅ AI prediction succeeded | Q=85 d=0.5 | Confidence=0.50 | Time=948ms
📤 [DEBUG] Sending response:
{
  "success": true,
  "params": {
    "quality": 85,
    "distance": 0.5,
    "effort": 7,
    "quantizer": 0,
    "speed": 0,
    "method": 0,
    "confidence": 0.5
  },
  "confidence": 0.5,
  "recommended_format": "webp",
  "format_reason": "透明图推荐WebP，兼容性和压缩率俱佳",
  "time_ms": 948
}
2025/11/09 17:10:13 📥 AI prediction request | Tool=jxl | Quality=95 | Mode=quality | Image=/Users/nyamiiko/Documents/git/Pixly/@test/test.library/images/MHQ4UZJ88ABBG.info/posse_shy.png
2025/11/09 17:10:14 ✅ AI prediction succeeded | Q=95 d=0.0 | Confidence=0.50 | Time=844ms
📤 [DEBUG] Sending response:
{
  "success": true,
  "params": {
    "quality": 95,
    "distance": 0,
    "effort": 7,
    "quantizer": 0,
    "speed": 0,
    "method": 0,
    "confidence": 0.5
  },
  "confidence": 0.5,
  "recommended_format": "webp",
  "format_reason": "透明图推荐WebP，兼容性和压缩率俱佳",
  "time_ms": 844
}
2025/11/09 17:10:14 📥 AI prediction request | Tool=jxl | Quality=85 | Mode=balanced | Image=/Users/nyamiiko/Documents/git/Pixly/@test/test.library/images/MHQ4UZJ88ABBG.info/posse_shy.png
2025/11/09 17:10:15 ✅ AI prediction succeeded | Q=85 d=0.5 | Confidence=0.50 | Time=825ms
📤 [DEBUG] Sending response:
{
  "success": true,
  "params": {
    "quality": 85,
    "distance": 0.5,
    "effort": 7,
    "quantizer": 0,
    "speed": 0,
    "method": 0,
    "confidence": 0.5
  },
  "confidence": 0.5,
  "recommended_format": "webp",
  "format_reason": "透明图推荐WebP，兼容性和压缩率俱佳",
  "time_ms": 825
}
2025/11/09 17:12:19 📥 AI prediction request | Tool=jxl | Quality=85 | Mode=balanced | Image=/Users/nyamiiko/Documents/git/Pixly/@test/test.library/images/MHQ4UZJ8PF1N1.info/posse_smug.png
2025/11/09 17:12:20 ✅ AI prediction succeeded | Q=85 d=0.5 | Confidence=0.50 | Time=1555ms
📤 [DEBUG] Sending response:
{
  "success": true,
  "params": {
    "quality": 85,
    "distance": 0.5,
    "effort": 7,
    "quantizer": 0,
    "speed": 0,
    "method": 0,
    "confidence": 0.5
  },
  "confidence": 0.5,
  "recommended_format": "webp",
  "format_reason": "透明图推荐WebP，兼容性和压缩率俱佳",
  "time_ms": 1555
}
2025/11/09 17:12:20 📥 AI prediction request | Tool=jxl | Quality=95 | Mode=quality | Image=/Users/nyamiiko/Documents/git/Pixly/@test/test.library/images/MHQ4UZJ8PF1N1.info/posse_smug.png
2025/11/09 17:12:22 ✅ AI prediction succeeded | Q=95 d=0.0 | Confidence=0.50 | Time=1022ms
📤 [DEBUG] Sending response:
{
  "success": true,
  "params": {
    "quality": 95,
    "distance": 0,
    "effort": 7,
    "quantizer": 0,
    "speed": 0,
    "method": 0,
    "confidence": 0.5
  },
  "confidence": 0.5,
  "recommended_format": "webp",
  "format_reason": "透明图推荐WebP，兼容性和压缩率俱佳",
  "time_ms": 1022
}
2025/11/09 17:12:22 📥 AI prediction request | Tool=jxl | Quality=85 | Mode=balanced | Image=/Users/nyamiiko/Documents/git/Pixly/@test/test.library/images/MHQ4UZJ8PF1N1.info/posse_smug.png
2025/11/09 17:12:23 ✅ AI prediction succeeded | Q=85 d=0.5 | Confidence=0.50 | Time=1139ms
📤 [DEBUG] Sending response:
{
  "success": true,
  "params": {
    "quality": 85,
    "distance": 0.5,
    "effort": 7,
    "quantizer": 0,
    "speed": 0,
    "method": 0,
    "confidence": 0.5
  },
  "confidence": 0.5,
  "recommended_format": "webp",
  "format_reason": "透明图推荐WebP，兼容性和压缩率俱佳",
  "time_ms": 1139
}
2025/11/09 17:15:09 📥 AI prediction request | Tool=jxl | Quality=85 | Mode=balanced | Image=/Users/nyamiiko/Documents/git/Pixly/@test/test.library/images/MHQ4UZJ8GGAG5.info/posse_sick.jxl
2025/11/09 17:15:11 ❌ AI prediction failed: execute: Python推理失败 (尝试 1/1): exit status 1
2025/11/09 17:15:11 📥 AI prediction request | Tool=jxl | Quality=85 | Mode=balanced | Image=/Users/nyamiiko/Documents/git/Pixly/@test/test.library/images/MHQ4UZJ8GGAG5.info/posse_sick.jxl
2025/11/09 17:15:12 ❌ AI prediction failed: execute: Python推理失败 (尝试 1/1): exit status 1
2025/11/09 17:15:13 📥 AI prediction request | Tool=jxl | Quality=85 | Mode=balanced | Image=/Users/nyamiiko/Documents/git/Pixly/@test/test.library/images/MHQ4UZJ8GGAG5.info/posse_sick.jxl
2025/11/09 17:15:13 ❌ AI prediction failed: execute: Python推理失败 (尝试 1/1): exit status 1
2025/11/09 17:15:13 📥 AI prediction request | Tool=jxl | Quality=95 | Mode=quality | Image=/Users/nyamiiko/Documents/git/Pixly/@test/test.library/images/MHQ4UZJ8GGAG5.info/posse_sick.jxl
2025/11/09 17:15:14 ❌ AI prediction failed: execute: Python推理失败 (尝试 1/1): exit status 1
2025/11/09 17:15:15 📥 AI prediction request | Tool=jxl | Quality=95 | Mode=quality | Image=/Users/nyamiiko/Documents/git/Pixly/@test/test.library/images/MHQ4UZJ8GGAG5.info/posse_sick.jxl
2025/11/09 17:15:15 ❌ AI prediction failed: execute: Python推理失败 (尝试 1/1): exit status 1
2025/11/09 17:15:25 📥 AI prediction request | Tool=jxl | Quality=85 | Mode=balanced | Image=/Users/nyamiiko/Documents/git/Pixly/@test/test.library/images/MHQ4UZJ88ABBG.info/posse_shy.jxl
2025/11/09 17:15:27 ❌ AI prediction failed: execute: Python推理失败 (尝试 1/1): exit status 1
2025/11/09 17:15:27 📥 AI prediction request | Tool=jxl | Quality=85 | Mode=balanced | Image=/Users/nyamiiko/Documents/git/Pixly/@test/test.library/images/MHQ4UZJ88ABBG.info/posse_shy.jxl
2025/11/09 17:15:28 ❌ AI prediction failed: execute: Python推理失败 (尝试 1/1): exit status 1
2025/11/09 17:15:28 📥 AI prediction request | Tool=jxl | Quality=85 | Mode=balanced | Image=/Users/nyamiiko/Documents/git/Pixly/@test/test.library/images/MHQ4UZJ88ABBG.info/posse_shy.jxl
2025/11/09 17:15:29 ❌ AI prediction failed: execute: Python推理失败 (尝试 1/1): exit status 1
2025/11/09 17:15:29 📥 AI prediction request | Tool=jxl | Quality=95 | Mode=quality | Image=/Users/nyamiiko/Documents/git/Pixly/@test/test.library/images/MHQ4UZJ88ABBG.info/posse_shy.jxl
2025/11/09 17:15:30 ❌ AI prediction failed: execute: Python推理失败 (尝试 1/1): exit status 1
2025/11/09 17:15:30 📥 AI prediction request | Tool=jxl | Quality=95 | Mode=quality | Image=/Users/nyamiiko/Documents/git/Pixly/@test/test.library/images/MHQ4UZJ88ABBG.info/posse_shy.jxl
2025/11/09 17:15:31 ❌ AI prediction failed: execute: Python推理失败 (尝试 1/1): exit status 1
2025/11/09 17:15:32 📥 AI prediction request | Tool=jxl | Quality=95 | Mode=quality | Image=/Users/nyamiiko/Documents/git/Pixly/@test/test.library/images/MHQ4UZJ88ABBG.info/posse_shy.jxl
2025/11/09 17:15:33 ❌ AI prediction failed: execute: Python推理失败 (尝试 1/1): exit status 1
2025/11/09 17:15:33 📥 AI prediction request | Tool=jxl | Quality=85 | Mode=balanced | Image=/Users/nyamiiko/Documents/git/Pixly/@test/test.library/images/MHQ4UZJ88ABBG.info/posse_shy.jxl
2025/11/09 17:15:33 ❌ AI prediction failed: execute: Python推理失败 (尝试 1/1): exit status 1
2025/11/09 17:15:34 📥 AI prediction request | Tool=jxl | Quality=85 | Mode=balanced | Image=/Users/nyamiiko/Documents/git/Pixly/@test/test.library/images/MHQ4UZJ88ABBG.info/posse_shy.jxl
2025/11/09 17:15:35 ❌ AI prediction failed: execute: Python推理失败 (尝试 1/1): exit status 1
2025/11/09 17:15:35 📥 AI prediction request | Tool=jxl | Quality=85 | Mode=balanced | Image=/Users/nyamiiko/Documents/git/Pixly/@test/test.library/images/MHQ4UZJ88ABBG.info/posse_shy.jxl
2025/11/09 17:15:36 ❌ AI prediction failed: execute: Python推理失败 (尝试 1/1): exit status 1
2025/11/09 17:16:30 📥 AI prediction request | Tool=jxl | Quality=85 | Mode=balanced | Image=/Users/nyamiiko/Documents/git/Pixly/@test/test.library/images/MHQ4UZJ88ABBG.info/posse_shy.jxl
2025/11/09 17:16:31 ❌ AI prediction failed: execute: Python推理失败 (尝试 1/1): exit status 1
2025/11/09 17:16:32 📥 AI prediction request | Tool=jxl | Quality=85 | Mode=balanced | Image=/Users/nyamiiko/Documents/git/Pixly/@test/test.library/images/MHQ4UZJ88ABBG.info/posse_shy.jxl
2025/11/09 17:16:32 ❌ AI prediction failed: execute: Python推理失败 (尝试 1/1): exit status 1
2025/11/09 17:16:33 📥 AI prediction request | Tool=jxl | Quality=85 | Mode=balanced | Image=/Users/nyamiiko/Documents/git/Pixly/@test/test.library/images/MHQ4UZJ88ABBG.info/posse_shy.jxl
2025/11/09 17:16:34 ❌ AI prediction failed: execute: Python推理失败 (尝试 1/1): exit status 1
2025/11/09 17:16:34 📥 AI prediction request | Tool=jxl | Quality=95 | Mode=quality | Image=/Users/nyamiiko/Documents/git/Pixly/@test/test.library/images/MHQ4UZJ88ABBG.info/posse_shy.jxl
2025/11/09 17:16:34 ❌ AI prediction failed: execute: Python推理失败 (尝试 1/1): exit status 1
2025/11/09 17:16:35 📥 AI prediction request | Tool=jxl | Quality=95 | Mode=quality | Image=/Users/nyamiiko/Documents/git/Pixly/@test/test.library/images/MHQ4UZJ88ABBG.info/posse_shy.jxl
2025/11/09 17:16:36 ❌ AI prediction failed: execute: Python推理失败 (尝试 1/1): exit status 1
2025/11/09 17:16:36 📥 AI prediction request | Tool=jxl | Quality=95 | Mode=quality | Image=/Users/nyamiiko/Documents/git/Pixly/@test/test.library/images/MHQ4UZJ88ABBG.info/posse_shy.jxl
2025/11/09 17:16:37 ❌ AI prediction failed: execute: Python推理失败 (尝试 1/1): exit status 1
2025/11/09 17:16:37 📥 AI prediction request | Tool=jxl | Quality=85 | Mode=balanced | Image=/Users/nyamiiko/Documents/git/Pixly/@test/test.library/images/MHQ4UZJ88ABBG.info/posse_shy.jxl
2025/11/09 17:16:38 ❌ AI prediction failed: execute: Python推理失败 (尝试 1/1): exit status 1
2025/11/09 17:16:39 📥 AI prediction request | Tool=jxl | Quality=85 | Mode=balanced | Image=/Users/nyamiiko/Documents/git/Pixly/@test/test.library/images/MHQ4UZJ88ABBG.info/posse_shy.jxl
2025/11/09 17:16:39 ❌ AI prediction failed: execute: Python推理失败 (尝试 1/1): exit status 1
2025/11/09 17:16:40 📥 AI prediction request | Tool=jxl | Quality=85 | Mode=balanced | Image=/Users/nyamiiko/Documents/git/Pixly/@test/test.library/images/MHQ4UZJ88ABBG.info/posse_shy.jxl
2025/11/09 17:16:41 ❌ AI prediction failed: execute: Python推理失败 (尝试 1/1): exit status 1
2025/11/09 17:24:04 📥 AI prediction request | Tool=jxl | Quality=85 | Mode=balanced | Image=/Users/nyamiiko/Documents/git/Pixly/@test/test.library/images/MHQ4UZJ8PSDNS.info/posse_shock.png
2025/11/09 17:24:05 ✅ AI prediction succeeded | Q=85 d=0.5 | Confidence=0.50 | Time=1648ms
📤 [DEBUG] Sending response:
{
  "success": true,
  "params": {
    "quality": 85,
    "distance": 0.5,
    "effort": 7,
    "quantizer": 0,
    "speed": 0,
    "method": 0,
    "confidence": 0.5
  },
  "confidence": 0.5,
  "recommended_format": "webp",
  "format_reason": "透明图推荐WebP，兼容性和压缩率俱佳",
  "time_ms": 1648
}
2025/11/09 17:24:05 📥 AI prediction request | Tool=jxl | Quality=95 | Mode=quality | Image=/Users/nyamiiko/Documents/git/Pixly/@test/test.library/images/MHQ4UZJ8PSDNS.info/posse_shock.png
2025/11/09 17:24:06 ✅ AI prediction succeeded | Q=95 d=0.0 | Confidence=0.50 | Time=1135ms
📤 [DEBUG] Sending response:
{
  "success": true,
  "params": {
    "quality": 95,
    "distance": 0,
    "effort": 7,
    "quantizer": 0,
    "speed": 0,
    "method": 0,
    "confidence": 0.5
  },
  "confidence": 0.5,
  "recommended_format": "webp",
  "format_reason": "透明图推荐WebP，兼容性和压缩率俱佳",
  "time_ms": 1135
}
2025/11/09 17:24:06 📥 AI prediction request | Tool=jxl | Quality=85 | Mode=balanced | Image=/Users/nyamiiko/Documents/git/Pixly/@test/test.library/images/MHQ4UZJ8PSDNS.info/posse_shock.png
2025/11/09 17:24:07 ✅ AI prediction succeeded | Q=85 d=0.5 | Confidence=0.50 | Time=947ms
📤 [DEBUG] Sending response:
{
  "success": true,
  "params": {
    "quality": 85,
    "distance": 0.5,
    "effort": 7,
    "quantizer": 0,
    "speed": 0,
    "method": 0,
    "confidence": 0.5
  },
  "confidence": 0.5,
  "recommended_format": "webp",
  "format_reason": "透明图推荐WebP，兼容性和压缩率俱佳",
  "time_ms": 947
}
2025/11/09 17:24:16 📥 AI prediction request | Tool=jxl | Quality=85 | Mode=balanced | Image=/Users/nyamiiko/Documents/git/Pixly/@test/test.library/images/MHQ4UZJ8PSDNS.info/posse_shock.jxl
2025/11/09 17:24:18 ❌ AI prediction failed: execute: Python推理失败 (尝试 1/1): exit status 1
2025/11/09 17:24:18 📥 AI prediction request | Tool=jxl | Quality=85 | Mode=balanced | Image=/Users/nyamiiko/Documents/git/Pixly/@test/test.library/images/MHQ4UZJ8PSDNS.info/posse_shock.jxl
2025/11/09 17:24:19 ❌ AI prediction failed: execute: Python推理失败 (尝试 1/1): exit status 1
2025/11/09 17:24:19 📥 AI prediction request | Tool=jxl | Quality=85 | Mode=balanced | Image=/Users/nyamiiko/Documents/git/Pixly/@test/test.library/images/MHQ4UZJ8PSDNS.info/posse_shock.jxl
2025/11/09 17:24:20 ❌ AI prediction failed: execute: Python推理失败 (尝试 1/1): exit status 1
2025/11/09 17:24:20 📥 AI prediction request | Tool=jxl | Quality=95 | Mode=quality | Image=/Users/nyamiiko/Documents/git/Pixly/@test/test.library/images/MHQ4UZJ8PSDNS.info/posse_shock.jxl
2025/11/09 17:24:21 ❌ AI prediction failed: execute: Python推理失败 (尝试 1/1): exit status 1
2025/11/09 17:24:21 📥 AI prediction request | Tool=jxl | Quality=95 | Mode=quality | Image=/Users/nyamiiko/Documents/git/Pixly/@test/test.library/images/MHQ4UZJ8PSDNS.info/posse_shock.jxl
2025/11/09 17:24:22 ❌ AI prediction failed: execute: Python推理失败 (尝试 1/1): exit status 1
2025/11/09 17:24:22 📥 AI prediction request | Tool=jxl | Quality=95 | Mode=quality | Image=/Users/nyamiiko/Documents/git/Pixly/@test/test.library/images/MHQ4UZJ8PSDNS.info/posse_shock.jxl
2025/11/09 17:24:23 ❌ AI prediction failed: execute: Python推理失败 (尝试 1/1): exit status 1
2025/11/09 17:24:23 📥 AI prediction request | Tool=jxl | Quality=85 | Mode=balanced | Image=/Users/nyamiiko/Documents/git/Pixly/@test/test.library/images/MHQ4UZJ8PSDNS.info/posse_shock.jxl
2025/11/09 17:24:23 ❌ AI prediction failed: execute: Python推理失败 (尝试 1/1): exit status 1
2025/11/09 17:24:24 📥 AI prediction request | Tool=jxl | Quality=85 | Mode=balanced | Image=/Users/nyamiiko/Documents/git/Pixly/@test/test.library/images/MHQ4UZJ8PSDNS.info/posse_shock.jxl
2025/11/09 17:24:25 ❌ AI prediction failed: execute: Python推理失败 (尝试 1/1): exit status 1
2025/11/09 17:24:25 📥 AI prediction request | Tool=jxl | Quality=85 | Mode=balanced | Image=/Users/nyamiiko/Documents/git/Pixly/@test/test.library/images/MHQ4UZJ8PSDNS.info/posse_shock.jxl
2025/11/09 17:24:26 ❌ AI prediction failed: execute: Python推理失败 (尝试 1/1): exit status 1
2025/11/09 17:24:39 📥 AI prediction request | Tool=jxl | Quality=85 | Mode=balanced | Image=/Users/nyamiiko/Documents/git/Pixly/@test/test.library/images/MHQ4UZJ8PSDNS.info/posse_shock.jxl
2025/11/09 17:24:40 ❌ AI prediction failed: execute: Python推理失败 (尝试 1/1): exit status 1
2025/11/09 17:24:41 📥 AI prediction request | Tool=jxl | Quality=85 | Mode=balanced | Image=/Users/nyamiiko/Documents/git/Pixly/@test/test.library/images/MHQ4UZJ8PSDNS.info/posse_shock.jxl
2025/11/09 17:24:41 ❌ AI prediction failed: execute: Python推理失败 (尝试 1/1): exit status 1
2025/11/09 17:24:42 📥 AI prediction request | Tool=jxl | Quality=85 | Mode=balanced | Image=/Users/nyamiiko/Documents/git/Pixly/@test/test.library/images/MHQ4UZJ8PSDNS.info/posse_shock.jxl
2025/11/09 17:24:43 ❌ AI prediction failed: execute: Python推理失败 (尝试 1/1): exit status 1
2025/11/09 17:24:43 📥 AI prediction request | Tool=jxl | Quality=95 | Mode=quality | Image=/Users/nyamiiko/Documents/git/Pixly/@test/test.library/images/MHQ4UZJ8PSDNS.info/posse_shock.jxl
2025/11/09 17:24:43 ❌ AI prediction failed: execute: Python推理失败 (尝试 1/1): exit status 1
2025/11/09 17:24:44 📥 AI prediction request | Tool=jxl | Quality=95 | Mode=quality | Image=/Users/nyamiiko/Documents/git/Pixly/@test/test.library/images/MHQ4UZJ8PSDNS.info/posse_shock.jxl
2025/11/09 17:24:44 ❌ AI prediction failed: execute: Python推理失败 (尝试 1/1): exit status 1
2025/11/09 17:24:45 📥 AI prediction request | Tool=jxl | Quality=95 | Mode=quality | Image=/Users/nyamiiko/Documents/git/Pixly/@test/test.library/images/MHQ4UZJ8PSDNS.info/posse_shock.jxl
2025/11/09 17:24:45 ❌ AI prediction failed: execute: Python推理失败 (尝试 1/1): exit status 1
2025/11/09 17:24:46 📥 AI prediction request | Tool=jxl | Quality=85 | Mode=balanced | Image=/Users/nyamiiko/Documents/git/Pixly/@test/test.library/images/MHQ4UZJ8PSDNS.info/posse_shock.jxl
2025/11/09 17:24:46 ❌ AI prediction failed: execute: Python推理失败 (尝试 1/1): exit status 1
2025/11/09 17:24:47 📥 AI prediction request | Tool=jxl | Quality=85 | Mode=balanced | Image=/Users/nyamiiko/Documents/git/Pixly/@test/test.library/images/MHQ4UZJ8PSDNS.info/posse_shock.jxl
2025/11/09 17:24:47 ❌ AI prediction failed: execute: Python推理失败 (尝试 1/1): exit status 1
2025/11/09 17:24:48 📥 AI prediction request | Tool=jxl | Quality=85 | Mode=balanced | Image=/Users/nyamiiko/Documents/git/Pixly/@test/test.library/images/MHQ4UZJ8PSDNS.info/posse_shock.jxl
2025/11/09 17:24:49 ❌ AI prediction failed: execute: Python推理失败 (尝试 1/1): exit status 1
2025/11/09 17:26:34 📥 AI prediction request | Tool=jxl | Quality=85 | Mode=balanced | Image=/Users/nyamiiko/Documents/git/Pixly/@test/test.library/images/MHQ4UZJ8CTYMO.info/posse_nerd.png
2025/11/09 17:26:36 ✅ AI prediction succeeded | Q=85 d=0.5 | Confidence=0.50 | Time=1532ms
📤 [DEBUG] Sending response:
{
  "success": true,
  "params": {
    "quality": 85,
    "distance": 0.5,
    "effort": 7,
    "quantizer": 0,
    "speed": 0,
    "method": 0,
    "confidence": 0.5
  },
  "confidence": 0.5,
  "recommended_format": "webp",
  "format_reason": "透明图推荐WebP，兼容性和压缩率俱佳",
  "time_ms": 1532
}
2025/11/09 17:26:36 📥 AI prediction request | Tool=jxl | Quality=95 | Mode=quality | Image=/Users/nyamiiko/Documents/git/Pixly/@test/test.library/images/MHQ4UZJ8CTYMO.info/posse_nerd.png
2025/11/09 17:26:37 ✅ AI prediction succeeded | Q=95 d=0.0 | Confidence=0.50 | Time=777ms
📤 [DEBUG] Sending response:
{
  "success": true,
  "params": {
    "quality": 95,
    "distance": 0,
    "effort": 7,
    "quantizer": 0,
    "speed": 0,
    "method": 0,
    "confidence": 0.5
  },
  "confidence": 0.5,
  "recommended_format": "webp",
  "format_reason": "透明图推荐WebP，兼容性和压缩率俱佳",
  "time_ms": 777
}
2025/11/09 17:26:37 📥 AI prediction request | Tool=jxl | Quality=85 | Mode=balanced | Image=/Users/nyamiiko/Documents/git/Pixly/@test/test.library/images/MHQ4UZJ8CTYMO.info/posse_nerd.png
2025/11/09 17:26:37 ✅ AI prediction succeeded | Q=85 d=0.5 | Confidence=0.50 | Time=784ms
📤 [DEBUG] Sending response:
{
  "success": true,
  "params": {
    "quality": 85,
    "distance": 0.5,
    "effort": 7,
    "quantizer": 0,
    "speed": 0,
    "method": 0,
    "confidence": 0.5
  },
  "confidence": 0.5,
  "recommended_format": "webp",
  "format_reason": "透明图推荐WebP，兼容性和压缩率俱佳",
  "time_ms": 784
}
2025/11/09 17:27:26 📥 AI prediction request | Tool=jxl | Quality=85 | Mode=balanced | Image=/Users/nyamiiko/Documents/git/Pixly/@test/test.library/images/MHQ4UZJ8XJO5U.info/posse_mad.png
2025/11/09 17:27:27 ✅ AI prediction succeeded | Q=85 d=0.5 | Confidence=0.50 | Time=1457ms
📤 [DEBUG] Sending response:
{
  "success": true,
  "params": {
    "quality": 85,
    "distance": 0.5,
    "effort": 7,
    "quantizer": 0,
    "speed": 0,
    "method": 0,
    "confidence": 0.5
  },
  "confidence": 0.5,
  "recommended_format": "webp",
  "format_reason": "透明图推荐WebP，兼容性和压缩率俱佳",
  "time_ms": 1457
}
2025/11/09 17:27:27 📥 AI prediction request | Tool=jxl | Quality=95 | Mode=quality | Image=/Users/nyamiiko/Documents/git/Pixly/@test/test.library/images/MHQ4UZJ8XJO5U.info/posse_mad.png
2025/11/09 17:27:28 ✅ AI prediction succeeded | Q=95 d=0.0 | Confidence=0.50 | Time=813ms
📤 [DEBUG] Sending response:
{
  "success": true,
  "params": {
    "quality": 95,
    "distance": 0,
    "effort": 7,
    "quantizer": 0,
    "speed": 0,
    "method": 0,
    "confidence": 0.5
  },
  "confidence": 0.5,
  "recommended_format": "webp",
  "format_reason": "透明图推荐WebP，兼容性和压缩率俱佳",
  "time_ms": 813
}
2025/11/09 17:27:28 📥 AI prediction request | Tool=jxl | Quality=85 | Mode=balanced | Image=/Users/nyamiiko/Documents/git/Pixly/@test/test.library/images/MHQ4UZJ8XJO5U.info/posse_mad.png
2025/11/09 17:27:29 ✅ AI prediction succeeded | Q=85 d=0.5 | Confidence=0.50 | Time=767ms
📤 [DEBUG] Sending response:
{
  "success": true,
  "params": {
    "quality": 85,
    "distance": 0.5,
    "effort": 7,
    "quantizer": 0,
    "speed": 0,
    "method": 0,
    "confidence": 0.5
  },
  "confidence": 0.5,
  "recommended_format": "webp",
  "format_reason": "透明图推荐WebP，兼容性和压缩率俱佳",
  "time_ms": 767
}
2025/11/09 17:27:44 📥 AI prediction request | Tool=jxl | Quality=85 | Mode=balanced | Image=/Users/nyamiiko/Documents/git/Pixly/@test/test.library/images/MHQ4UZJ8G800M.info/posse_melt.png
2025/11/09 17:27:45 ✅ AI prediction succeeded | Q=85 d=0.5 | Confidence=0.50 | Time=1487ms
📤 [DEBUG] Sending response:
{
  "success": true,
  "params": {
    "quality": 85,
    "distance": 0.5,
    "effort": 7,
    "quantizer": 0,
    "speed": 0,
    "method": 0,
    "confidence": 0.5
  },
  "confidence": 0.5,
  "recommended_format": "webp",
  "format_reason": "透明图推荐WebP，兼容性和压缩率俱佳",
  "time_ms": 1487
}
2025/11/09 17:27:45 📥 AI prediction request | Tool=jxl | Quality=95 | Mode=quality | Image=/Users/nyamiiko/Documents/git/Pixly/@test/test.library/images/MHQ4UZJ8G800M.info/posse_melt.png
2025/11/09 17:27:46 ✅ AI prediction succeeded | Q=95 d=0.0 | Confidence=0.50 | Time=874ms
📤 [DEBUG] Sending response:
{
  "success": true,
  "params": {
    "quality": 95,
    "distance": 0,
    "effort": 7,
    "quantizer": 0,
    "speed": 0,
    "method": 0,
    "confidence": 0.5
  },
  "confidence": 0.5,
  "recommended_format": "webp",
  "format_reason": "透明图推荐WebP，兼容性和压缩率俱佳",
  "time_ms": 874
}
2025/11/09 17:27:46 📥 AI prediction request | Tool=jxl | Quality=85 | Mode=balanced | Image=/Users/nyamiiko/Documents/git/Pixly/@test/test.library/images/MHQ4UZJ8G800M.info/posse_melt.png
2025/11/09 17:27:47 ✅ AI prediction succeeded | Q=85 d=0.5 | Confidence=0.50 | Time=999ms
📤 [DEBUG] Sending response:
{
  "success": true,
  "params": {
    "quality": 85,
    "distance": 0.5,
    "effort": 7,
    "quantizer": 0,
    "speed": 0,
    "method": 0,
    "confidence": 0.5
  },
  "confidence": 0.5,
  "recommended_format": "webp",
  "format_reason": "透明图推荐WebP，兼容性和压缩率俱佳",
  "time_ms": 999
}
2025/11/09 17:29:12 📥 AI prediction request | Tool=jxl | Quality=85 | Mode=balanced | Image=/Users/nyamiiko/Documents/git/Pixly/@test/test.library/images/MHQ4UZJ8K2VP7.info/posse_horny.png
2025/11/09 17:29:13 ✅ AI prediction succeeded | Q=85 d=0.5 | Confidence=0.50 | Time=1622ms
📤 [DEBUG] Sending response:
{
  "success": true,
  "params": {
    "quality": 85,
    "distance": 0.5,
    "effort": 7,
    "quantizer": 0,
    "speed": 0,
    "method": 0,
    "confidence": 0.5
  },
  "confidence": 0.5,
  "recommended_format": "webp",
  "format_reason": "透明图推荐WebP，兼容性和压缩率俱佳",
  "time_ms": 1622
}
2025/11/09 17:29:13 📥 AI prediction request | Tool=jxl | Quality=95 | Mode=quality | Image=/Users/nyamiiko/Documents/git/Pixly/@test/test.library/images/MHQ4UZJ8K2VP7.info/posse_horny.png
2025/11/09 17:29:14 ✅ AI prediction succeeded | Q=95 d=0.0 | Confidence=0.50 | Time=1193ms
📤 [DEBUG] Sending response:
{
  "success": true,
  "params": {
    "quality": 95,
    "distance": 0,
    "effort": 7,
    "quantizer": 0,
    "speed": 0,
    "method": 0,
    "confidence": 0.5
  },
  "confidence": 0.5,
  "recommended_format": "webp",
  "format_reason": "透明图推荐WebP，兼容性和压缩率俱佳",
  "time_ms": 1193
}
2025/11/09 17:29:14 📥 AI prediction request | Tool=jxl | Quality=85 | Mode=balanced | Image=/Users/nyamiiko/Documents/git/Pixly/@test/test.library/images/MHQ4UZJ8K2VP7.info/posse_horny.png
2025/11/09 17:29:16 ✅ AI prediction succeeded | Q=85 d=0.5 | Confidence=0.50 | Time=1110ms
📤 [DEBUG] Sending response:
{
  "success": true,
  "params": {
    "quality": 85,
    "distance": 0.5,
    "effort": 7,
    "quantizer": 0,
    "speed": 0,
    "method": 0,
    "confidence": 0.5
  },
  "confidence": 0.5,
  "recommended_format": "webp",
  "format_reason": "透明图推荐WebP，兼容性和压缩率俱佳",
  "time_ms": 1110
}
2025/11/09 17:34:14 📥 AI prediction request | Tool=jxl | Quality=85 | Mode=balanced | Image=/Users/nyamiiko/Documents/git/Pixly/@test/test.library/images/MHQ4UZJ8GUHES.info/posse_laugh.png
2025/11/09 17:34:15 ✅ AI prediction succeeded | Q=85 d=0.5 | Confidence=0.50 | Time=1378ms
📤 [DEBUG] Sending response:
{
  "success": true,
  "params": {
    "quality": 85,
    "distance": 0.5,
    "effort": 7,
    "quantizer": 0,
    "speed": 0,
    "method": 0,
    "confidence": 0.5
  },
  "confidence": 0.5,
  "recommended_format": "webp",
  "format_reason": "透明图推荐WebP，兼容性和压缩率俱佳",
  "time_ms": 1378
}
2025/11/09 17:34:15 📥 AI prediction request | Tool=jxl | Quality=95 | Mode=quality | Image=/Users/nyamiiko/Documents/git/Pixly/@test/test.library/images/MHQ4UZJ8GUHES.info/posse_laugh.png
2025/11/09 17:34:16 ✅ AI prediction succeeded | Q=95 d=0.0 | Confidence=0.50 | Time=815ms
📤 [DEBUG] Sending response:
{
  "success": true,
  "params": {
    "quality": 95,
    "distance": 0,
    "effort": 7,
    "quantizer": 0,
    "speed": 0,
    "method": 0,
    "confidence": 0.5
  },
  "confidence": 0.5,
  "recommended_format": "webp",
  "format_reason": "透明图推荐WebP，兼容性和压缩率俱佳",
  "time_ms": 815
}
2025/11/09 17:34:16 📥 AI prediction request | Tool=jxl | Quality=85 | Mode=balanced | Image=/Users/nyamiiko/Documents/git/Pixly/@test/test.library/images/MHQ4UZJ8GUHES.info/posse_laugh.png
2025/11/09 17:34:17 ✅ AI prediction succeeded | Q=85 d=0.5 | Confidence=0.50 | Time=755ms
📤 [DEBUG] Sending response:
{
  "success": true,
  "params": {
    "quality": 85,
    "distance": 0.5,
    "effort": 7,
    "quantizer": 0,
    "speed": 0,
    "method": 0,
    "confidence": 0.5
  },
  "confidence": 0.5,
  "recommended_format": "webp",
  "format_reason": "透明图推荐WebP，兼容性和压缩率俱佳",
  "time_ms": 755
}
2025/11/09 17:37:21 📥 AI prediction request | Tool=jxl | Quality=85 | Mode=balanced | Image=/Users/nyamiiko/Documents/git/Pixly/@test/test.library/images/MHQ4UZJ8H9H79.info/posse_eww.png
2025/11/09 17:37:23 ✅ AI prediction succeeded | Q=85 d=0.5 | Confidence=0.50 | Time=1420ms
📤 [DEBUG] Sending response:
{
  "success": true,
  "params": {
    "quality": 85,
    "distance": 0.5,
    "effort": 7,
    "quantizer": 0,
    "speed": 0,
    "method": 0,
    "confidence": 0.5
  },
  "confidence": 0.5,
  "recommended_format": "webp",
  "format_reason": "透明图推荐WebP，兼容性和压缩率俱佳",
  "time_ms": 1420
}
2025/11/09 17:37:23 📥 AI prediction request | Tool=jxl | Quality=95 | Mode=quality | Image=/Users/nyamiiko/Documents/git/Pixly/@test/test.library/images/MHQ4UZJ8H9H79.info/posse_eww.png
2025/11/09 17:37:23 ✅ AI prediction succeeded | Q=95 d=0.0 | Confidence=0.50 | Time=853ms
📤 [DEBUG] Sending response:
{
  "success": true,
  "params": {
    "quality": 95,
    "distance": 0,
    "effort": 7,
    "quantizer": 0,
    "speed": 0,
    "method": 0,
    "confidence": 0.5
  },
  "confidence": 0.5,
  "recommended_format": "webp",
  "format_reason": "透明图推荐WebP，兼容性和压缩率俱佳",
  "time_ms": 853
}
2025/11/09 17:37:23 📥 AI prediction request | Tool=jxl | Quality=85 | Mode=balanced | Image=/Users/nyamiiko/Documents/git/Pixly/@test/test.library/images/MHQ4UZJ8H9H79.info/posse_eww.png
2025/11/09 17:37:24 ✅ AI prediction succeeded | Q=85 d=0.5 | Confidence=0.50 | Time=812ms
📤 [DEBUG] Sending response:
{
  "success": true,
  "params": {
    "quality": 85,
    "distance": 0.5,
    "effort": 7,
    "quantizer": 0,
    "speed": 0,
    "method": 0,
    "confidence": 0.5
  },
  "confidence": 0.5,
  "recommended_format": "webp",
  "format_reason": "透明图推荐WebP，兼容性和压缩率俱佳",
  "time_ms": 812
}
2025/11/09 17:47:17 📥 AI prediction request | Tool=jxl | Quality=85 | Mode=balanced | Image=/Users/nyamiiko/Documents/git/Pixly/@test/test.library/images/MHQ4UZJ86K1W4.info/posse_excuseme.png
2025/11/09 17:47:19 ✅ AI prediction succeeded | Q=85 d=0.5 | Confidence=0.50 | Time=1462ms
📤 [DEBUG] Sending response:
{
  "success": true,
  "params": {
    "quality": 85,
    "distance": 0.5,
    "effort": 7,
    "quantizer": 0,
    "speed": 0,
    "method": 0,
    "confidence": 0.5
  },
  "confidence": 0.5,
  "recommended_format": "webp",
  "format_reason": "透明图推荐WebP，兼容性和压缩率俱佳",
  "time_ms": 1462
}
2025/11/09 17:47:19 📥 AI prediction request | Tool=jxl | Quality=95 | Mode=quality | Image=/Users/nyamiiko/Documents/git/Pixly/@test/test.library/images/MHQ4UZJ86K1W4.info/posse_excuseme.png
2025/11/09 17:47:20 ✅ AI prediction succeeded | Q=95 d=0.0 | Confidence=0.50 | Time=860ms
📤 [DEBUG] Sending response:
{
  "success": true,
  "params": {
    "quality": 95,
    "distance": 0,
    "effort": 7,
    "quantizer": 0,
    "speed": 0,
    "method": 0,
    "confidence": 0.5
  },
  "confidence": 0.5,
  "recommended_format": "webp",
  "format_reason": "透明图推荐WebP，兼容性和压缩率俱佳",
  "time_ms": 860
}
2025/11/09 17:47:20 📥 AI prediction request | Tool=jxl | Quality=85 | Mode=balanced | Image=/Users/nyamiiko/Documents/git/Pixly/@test/test.library/images/MHQ4UZJ86K1W4.info/posse_excuseme.png
2025/11/09 17:47:20 ✅ AI prediction succeeded | Q=85 d=0.5 | Confidence=0.50 | Time=797ms
📤 [DEBUG] Sending response:
{
  "success": true,
  "params": {
    "quality": 85,
    "distance": 0.5,
    "effort": 7,
    "quantizer": 0,
    "speed": 0,
    "method": 0,
    "confidence": 0.5
  },
  "confidence": 0.5,
  "recommended_format": "webp",
  "format_reason": "透明图推荐WebP，兼容性和压缩率俱佳",
  "time_ms": 797
}
2025/11/09 17:49:48 📥 AI prediction request | Tool=jxl | Quality=85 | Mode=balanced | Image=/Users/nyamiiko/Documents/git/Pixly/@test/test.library/images/MHQ4UZJ8H9H79.info/posse_eww.jxl
2025/11/09 17:49:49 ❌ AI prediction failed: execute: Python推理失败 (尝试 1/1): exit status 1
2025/11/09 17:49:50 📥 AI prediction request | Tool=jxl | Quality=85 | Mode=balanced | Image=/Users/nyamiiko/Documents/git/Pixly/@test/test.library/images/MHQ4UZJ8H9H79.info/posse_eww.jxl
2025/11/09 17:49:50 ❌ AI prediction failed: execute: Python推理失败 (尝试 1/1): exit status 1
2025/11/09 17:49:51 📥 AI prediction request | Tool=jxl | Quality=85 | Mode=balanced | Image=/Users/nyamiiko/Documents/git/Pixly/@test/test.library/images/MHQ4UZJ8H9H79.info/posse_eww.jxl
2025/11/09 17:49:51 ❌ AI prediction failed: execute: Python推理失败 (尝试 1/1): exit status 1
2025/11/09 17:49:51 📥 AI prediction request | Tool=jxl | Quality=95 | Mode=quality | Image=/Users/nyamiiko/Documents/git/Pixly/@test/test.library/images/MHQ4UZJ8H9H79.info/posse_eww.jxl
2025/11/09 17:49:52 ❌ AI prediction failed: execute: Python推理失败 (尝试 1/1): exit status 1
2025/11/09 17:49:53 📥 AI prediction request | Tool=jxl | Quality=95 | Mode=quality | Image=/Users/nyamiiko/Documents/git/Pixly/@test/test.library/images/MHQ4UZJ8H9H79.info/posse_eww.jxl
2025/11/09 17:49:53 ❌ AI prediction failed: execute: Python推理失败 (尝试 1/1): exit status 1
2025/11/09 17:49:54 📥 AI prediction request | Tool=jxl | Quality=95 | Mode=quality | Image=/Users/nyamiiko/Documents/git/Pixly/@test/test.library/images/MHQ4UZJ8H9H79.info/posse_eww.jxl
2025/11/09 17:49:55 ❌ AI prediction failed: execute: Python推理失败 (尝试 1/1): exit status 1
2025/11/09 17:49:55 📥 AI prediction request | Tool=jxl | Quality=85 | Mode=balanced | Image=/Users/nyamiiko/Documents/git/Pixly/@test/test.library/images/MHQ4UZJ8H9H79.info/posse_eww.jxl
2025/11/09 17:49:55 ❌ AI prediction failed: execute: Python推理失败 (尝试 1/1): exit status 1
2025/11/09 17:49:56 📥 AI prediction request | Tool=jxl | Quality=85 | Mode=balanced | Image=/Users/nyamiiko/Documents/git/Pixly/@test/test.library/images/MHQ4UZJ8H9H79.info/posse_eww.jxl
2025/11/09 17:49:56 ❌ AI prediction failed: execute: Python推理失败 (尝试 1/1): exit status 1
2025/11/09 17:49:57 📥 AI prediction request | Tool=jxl | Quality=85 | Mode=balanced | Image=/Users/nyamiiko/Documents/git/Pixly/@test/test.library/images/MHQ4UZJ8H9H79.info/posse_eww.jxl
2025/11/09 17:49:57 ❌ AI prediction failed: execute: Python推理失败 (尝试 1/1): exit status 1
2025/11/10 07:52:53 📥 AI prediction request | Tool=jxl | Quality=95 | Mode=quality | Image=/Users/nyamiiko/Documents/git/Pixly/@test/test.library/images/MHRK15Q2Y8CUO.info/？？？？？.jpg
2025/11/10 07:52:56 ✅ AI prediction succeeded | Q=95 d=0.0 | Confidence=0.50 | Time=2420ms
📤 [DEBUG] Sending response:
{
  "success": true,
  "params": {
    "quality": 95,
    "distance": 0,
    "effort": 7,
    "quantizer": 0,
    "speed": 0,
    "method": 0,
    "confidence": 0.5
  },
  "confidence": 0.5,
  "recommended_format": "jxl",
  "format_reason": "JPEG源文件，JXL无损转码保持完美质量且体积更小",
  "time_ms": 2420
}
2025/11/10 07:57:58 📥 AI prediction request | Tool=jxl | Quality=85 | Mode=balanced | Image=/Users/nyamiiko/Documents/git/Pixly/@test/test.library/images/MHRK15Q2Y8CUO.info/？？？？？.jxl
2025/11/10 07:57:59 ❌ AI prediction failed: execute: Python推理失败 (尝试 1/1): exit status 1
2025/11/10 07:58:00 📥 AI prediction request | Tool=jxl | Quality=85 | Mode=balanced | Image=/Users/nyamiiko/Documents/git/Pixly/@test/test.library/images/MHRK15Q2Y8CUO.info/？？？？？.jxl
2025/11/10 07:58:00 ❌ AI prediction failed: execute: Python推理失败 (尝试 1/1): exit status 1
2025/11/10 07:58:01 📥 AI prediction request | Tool=jxl | Quality=85 | Mode=balanced | Image=/Users/nyamiiko/Documents/git/Pixly/@test/test.library/images/MHRK15Q2Y8CUO.info/？？？？？.jxl
2025/11/10 07:58:01 ❌ AI prediction failed: execute: Python推理失败 (尝试 1/1): exit status 1
2025/11/10 07:58:01 📥 AI prediction request | Tool=jxl | Quality=95 | Mode=quality | Image=/Users/nyamiiko/Documents/git/Pixly/@test/test.library/images/MHRK15Q2Y8CUO.info/？？？？？.jxl
2025/11/10 07:58:02 ❌ AI prediction failed: execute: Python推理失败 (尝试 1/1): exit status 1
2025/11/10 07:58:03 📥 AI prediction request | Tool=jxl | Quality=95 | Mode=quality | Image=/Users/nyamiiko/Documents/git/Pixly/@test/test.library/images/MHRK15Q2Y8CUO.info/？？？？？.jxl
2025/11/10 07:58:03 ❌ AI prediction failed: execute: Python推理失败 (尝试 1/1): exit status 1
2025/11/10 07:58:04 📥 AI prediction request | Tool=jxl | Quality=95 | Mode=quality | Image=/Users/nyamiiko/Documents/git/Pixly/@test/test.library/images/MHRK15Q2Y8CUO.info/？？？？？.jxl
2025/11/10 07:58:04 ❌ AI prediction failed: execute: Python推理失败 (尝试 1/1): exit status 1
2025/11/10 07:58:04 📥 AI prediction request | Tool=jxl | Quality=95 | Mode=quality | Image=/Users/nyamiiko/Documents/git/Pixly/@test/test.library/images/MHRK15Q2Y8CUO.info/？？？？？.jxl
2025/11/10 07:58:05 ❌ AI prediction failed: execute: Python推理失败 (尝试 1/1): exit status 1
2025/11/10 07:58:05 📥 AI prediction request | Tool=jxl | Quality=95 | Mode=quality | Image=/Users/nyamiiko/Documents/git/Pixly/@test/test.library/images/MHRK15Q2Y8CUO.info/？？？？？.jxl
2025/11/10 07:58:06 ❌ AI prediction failed: execute: Python推理失败 (尝试 1/1): exit status 1
2025/11/10 07:58:07 📥 AI prediction request | Tool=jxl | Quality=95 | Mode=quality | Image=/Users/nyamiiko/Documents/git/Pixly/@test/test.library/images/MHRK15Q2Y8CUO.info/？？？？？.jxl
2025/11/10 07:58:07 ❌ AI prediction failed: execute: Python推理失败 (尝试 1/1): exit status 1
2025/11/10 07:58:08 📥 AI prediction request | Tool=jxl | Quality=95 | Mode=quality | Image=/Users/nyamiiko/Documents/git/Pixly/@test/test.library/images/MHRK15Q2B6649.info/表情包 (998).jpg
2025/11/10 07:58:09 ✅ AI prediction succeeded | Q=95 d=0.0 | Confidence=0.50 | Time=1490ms
📤 [DEBUG] Sending response:
{
  "success": true,
  "params": {
    "quality": 95,
    "distance": 0,
    "effort": 7,
    "quantizer": 0,
    "speed": 0,
    "method": 0,
    "confidence": 0.5
  },
  "confidence": 0.5,
  "recommended_format": "jxl",
  "format_reason": "JPEG源文件，JXL无损转码保持完美质量且体积更小",
  "time_ms": 1490
}
2025/11/10 07:58:10 📥 AI prediction request | Tool=jxl | Quality=95 | Mode=quality | Image=/Users/nyamiiko/Documents/git/Pixly/@test/test.library/images/MHRK15Q2ZH4PU.info/表情包 (918).jpg
2025/11/10 07:58:11 ✅ AI prediction succeeded | Q=95 d=0.0 | Confidence=0.50 | Time=694ms
📤 [DEBUG] Sending response:
{
  "success": true,
  "params": {
    "quality": 95,
    "distance": 0,
    "effort": 7,
    "quantizer": 0,
    "speed": 0,
    "method": 0,
    "confidence": 0.5
  },
  "confidence": 0.5,
  "recommended_format": "jxl",
  "format_reason": "JPEG源文件，JXL无损转码保持完美质量且体积更小",
  "time_ms": 694
}
2025/11/10 07:58:12 📥 AI prediction request | Tool=jxl | Quality=95 | Mode=quality | Image=/Users/nyamiiko/Documents/git/Pixly/@test/test.library/images/MHRK15Q2WK8O5.info/表情包 (833).jpg
2025/11/10 07:58:14 ✅ AI prediction succeeded | Q=95 d=0.0 | Confidence=0.50 | Time=1979ms
📤 [DEBUG] Sending response:
{
  "success": true,
  "params": {
    "quality": 95,
    "distance": 0,
    "effort": 7,
    "quantizer": 0,
    "speed": 0,
    "method": 0,
    "confidence": 0.5
  },
  "confidence": 0.5,
  "recommended_format": "jxl",
  "format_reason": "JPEG源文件，JXL无损转码保持完美质量且体积更小",
  "time_ms": 1979
}
2025/11/10 08:02:08 📥 AI prediction request | Tool=jxl | Quality=95 | Mode=quality | Image=/Users/nyamiiko/Documents/git/Pixly/@test/test.library/images/MHRK15Q2XI0YU.info/表情包 (606).jpg
2025/11/10 08:02:09 ✅ AI prediction succeeded | Q=95 d=0.0 | Confidence=0.50 | Time=1273ms
📤 [DEBUG] Sending response:
{
  "success": true,
  "params": {
    "quality": 95,
    "distance": 0,
    "effort": 7,
    "quantizer": 0,
    "speed": 0,
    "method": 0,
    "confidence": 0.5
  },
  "confidence": 0.5,
  "recommended_format": "jxl",
  "format_reason": "JPEG源文件，JXL无损转码保持完美质量且体积更小",
  "time_ms": 1273
}
2025/11/10 08:02:10 📥 AI prediction request | Tool=jxl | Quality=95 | Mode=quality | Image=/Users/nyamiiko/Documents/git/Pixly/@test/test.library/images/MHRK15Q2EP0NA.info/表情包 (584).jpg
2025/11/10 08:02:13 ✅ AI prediction succeeded | Q=95 d=0.0 | Confidence=0.50 | Time=2337ms
📤 [DEBUG] Sending response:
{
  "success": true,
  "params": {
    "quality": 95,
    "distance": 0,
    "effort": 7,
    "quantizer": 0,
    "speed": 0,
    "method": 0,
    "confidence": 0.5
  },
  "confidence": 0.5,
  "recommended_format": "jxl",
  "format_reason": "JPEG源文件，JXL无损转码保持完美质量且体积更小",
  "time_ms": 2337
}
2025/11/10 08:02:14 📥 AI prediction request | Tool=jxl | Quality=95 | Mode=quality | Image=/Users/nyamiiko/Documents/git/Pixly/@test/test.library/images/MHRK15Q2S9KQL.info/表情包 (465).jpg
2025/11/10 08:02:15 ✅ AI prediction succeeded | Q=95 d=0.0 | Confidence=0.50 | Time=757ms
📤 [DEBUG] Sending response:
{
  "success": true,
  "params": {
    "quality": 95,
    "distance": 0,
    "effort": 7,
    "quantizer": 0,
    "speed": 0,
    "method": 0,
    "confidence": 0.5
  },
  "confidence": 0.5,
  "recommended_format": "jxl",
  "format_reason": "JPEG源文件，JXL无损转码保持完美质量且体积更小",
  "time_ms": 757
}
2025/11/10 08:02:16 📥 AI prediction request | Tool=jxl | Quality=95 | Mode=quality | Image=/Users/nyamiiko/Documents/git/Pixly/@test/test.library/images/MHRK15Q2WIPSC.info/表情包 (434).jpg
2025/11/10 08:02:18 ✅ AI prediction succeeded | Q=95 d=0.0 | Confidence=0.50 | Time=2379ms
📤 [DEBUG] Sending response:
{
  "success": true,
  "params": {
    "quality": 95,
    "distance": 0,
    "effort": 7,
    "quantizer": 0,
    "speed": 0,
    "method": 0,
    "confidence": 0.5
  },
  "confidence": 0.5,
  "recommended_format": "jxl",
  "format_reason": "JPEG源文件，JXL无损转码保持完美质量且体积更小",
  "time_ms": 2379
}
2025/11/10 08:07:56 📥 AI prediction request | Tool=jxl | Quality=85 | Mode=balanced | Image=/Users/nyamiiko/Documents/git/Pixly/@test/test.library/images/MHRK15Q2XI0YU.info/表情包 (606).jxl
2025/11/10 08:07:58 ❌ AI prediction failed: execute: Python推理失败 (尝试 1/1): exit status 1
2025/11/10 08:07:58 📥 AI prediction request | Tool=jxl | Quality=85 | Mode=balanced | Image=/Users/nyamiiko/Documents/git/Pixly/@test/test.library/images/MHRK15Q2XI0YU.info/表情包 (606).jxl
2025/11/10 08:07:59 ❌ AI prediction failed: execute: Python推理失败 (尝试 1/1): exit status 1
2025/11/10 08:07:59 📥 AI prediction request | Tool=jxl | Quality=85 | Mode=balanced | Image=/Users/nyamiiko/Documents/git/Pixly/@test/test.library/images/MHRK15Q2XI0YU.info/表情包 (606).jxl
2025/11/10 08:08:00 ❌ AI prediction failed: execute: Python推理失败 (尝试 1/1): exit status 1
2025/11/10 08:08:00 📥 AI prediction request | Tool=jxl | Quality=95 | Mode=quality | Image=/Users/nyamiiko/Documents/git/Pixly/@test/test.library/images/MHRK15Q2XI0YU.info/表情包 (606).jxl
2025/11/10 08:08:00 ❌ AI prediction failed: execute: Python推理失败 (尝试 1/1): exit status 1
2025/11/10 08:08:01 📥 AI prediction request | Tool=jxl | Quality=95 | Mode=quality | Image=/Users/nyamiiko/Documents/git/Pixly/@test/test.library/images/MHRK15Q2XI0YU.info/表情包 (606).jxl
2025/11/10 08:08:01 ❌ AI prediction failed: execute: Python推理失败 (尝试 1/1): exit status 1
2025/11/10 08:08:02 📥 AI prediction request | Tool=jxl | Quality=95 | Mode=quality | Image=/Users/nyamiiko/Documents/git/Pixly/@test/test.library/images/MHRK15Q2XI0YU.info/表情包 (606).jxl
2025/11/10 08:08:03 ❌ AI prediction failed: execute: Python推理失败 (尝试 1/1): exit status 1
2025/11/10 08:08:03 📥 AI prediction request | Tool=jxl | Quality=95 | Mode=quality | Image=/Users/nyamiiko/Documents/git/Pixly/@test/test.library/images/MHRK15Q2XI0YU.info/表情包 (606).jxl
2025/11/10 08:08:03 ❌ AI prediction failed: execute: Python推理失败 (尝试 1/1): exit status 1
2025/11/10 08:08:04 📥 AI prediction request | Tool=jxl | Quality=95 | Mode=quality | Image=/Users/nyamiiko/Documents/git/Pixly/@test/test.library/images/MHRK15Q2XI0YU.info/表情包 (606).jxl
2025/11/10 08:08:04 ❌ AI prediction failed: execute: Python推理失败 (尝试 1/1): exit status 1
2025/11/10 08:08:05 📥 AI prediction request | Tool=jxl | Quality=95 | Mode=quality | Image=/Users/nyamiiko/Documents/git/Pixly/@test/test.library/images/MHRK15Q2XI0YU.info/表情包 (606).jxl
2025/11/10 08:08:06 ❌ AI prediction failed: execute: Python推理失败 (尝试 1/1): exit status 1
2025/11/10 08:08:06 📥 AI prediction request | Tool=jxl | Quality=85 | Mode=balanced | Image=/Users/nyamiiko/Documents/git/Pixly/@test/test.library/images/MHRK15Q2EP0NA.info/表情包 (584).jxl
2025/11/10 08:08:07 ❌ AI prediction failed: execute: Python推理失败 (尝试 1/1): exit status 1
2025/11/10 08:08:07 📥 AI prediction request | Tool=jxl | Quality=85 | Mode=balanced | Image=/Users/nyamiiko/Documents/git/Pixly/@test/test.library/images/MHRK15Q2EP0NA.info/表情包 (584).jxl
2025/11/10 08:08:08 ❌ AI prediction failed: execute: Python推理失败 (尝试 1/1): exit status 1
2025/11/10 08:08:08 📥 AI prediction request | Tool=jxl | Quality=85 | Mode=balanced | Image=/Users/nyamiiko/Documents/git/Pixly/@test/test.library/images/MHRK15Q2EP0NA.info/表情包 (584).jxl
2025/11/10 08:08:09 ❌ AI prediction failed: execute: Python推理失败 (尝试 1/1): exit status 1
2025/11/10 08:08:09 📥 AI prediction request | Tool=jxl | Quality=95 | Mode=quality | Image=/Users/nyamiiko/Documents/git/Pixly/@test/test.library/images/MHRK15Q2EP0NA.info/表情包 (584).jxl
2025/11/10 08:08:09 ❌ AI prediction failed: execute: Python推理失败 (尝试 1/1): exit status 1
2025/11/10 08:08:10 📥 AI prediction request | Tool=jxl | Quality=95 | Mode=quality | Image=/Users/nyamiiko/Documents/git/Pixly/@test/test.library/images/MHRK15Q2EP0NA.info/表情包 (584).jxl
2025/11/10 08:08:11 ❌ AI prediction failed: execute: Python推理失败 (尝试 1/1): exit status 1
2025/11/10 08:08:11 📥 AI prediction request | Tool=jxl | Quality=95 | Mode=quality | Image=/Users/nyamiiko/Documents/git/Pixly/@test/test.library/images/MHRK15Q2EP0NA.info/表情包 (584).jxl
2025/11/10 08:08:12 ❌ AI prediction failed: execute: Python推理失败 (尝试 1/1): exit status 1
2025/11/10 08:08:12 📥 AI prediction request | Tool=jxl | Quality=95 | Mode=quality | Image=/Users/nyamiiko/Documents/git/Pixly/@test/test.library/images/MHRK15Q2EP0NA.info/表情包 (584).jxl
2025/11/10 08:08:13 ❌ AI prediction failed: execute: Python推理失败 (尝试 1/1): exit status 1
2025/11/10 08:08:13 📥 AI prediction request | Tool=jxl | Quality=95 | Mode=quality | Image=/Users/nyamiiko/Documents/git/Pixly/@test/test.library/images/MHRK15Q2EP0NA.info/表情包 (584).jxl
2025/11/10 08:08:14 ❌ AI prediction failed: execute: Python推理失败 (尝试 1/1): exit status 1
2025/11/10 08:08:14 📥 AI prediction request | Tool=jxl | Quality=95 | Mode=quality | Image=/Users/nyamiiko/Documents/git/Pixly/@test/test.library/images/MHRK15Q2EP0NA.info/表情包 (584).jxl
2025/11/10 08:08:15 ❌ AI prediction failed: execute: Python推理失败 (尝试 1/1): exit status 1
2025/11/10 08:08:16 📥 AI prediction request | Tool=jxl | Quality=85 | Mode=balanced | Image=/Users/nyamiiko/Documents/git/Pixly/@test/test.library/images/MHRK15Q2S9KQL.info/表情包 (465).jxl
2025/11/10 08:08:16 ❌ AI prediction failed: execute: Python推理失败 (尝试 1/1): exit status 1
2025/11/10 08:08:17 📥 AI prediction request | Tool=jxl | Quality=85 | Mode=balanced | Image=/Users/nyamiiko/Documents/git/Pixly/@test/test.library/images/MHRK15Q2S9KQL.info/表情包 (465).jxl
2025/11/10 08:08:18 ❌ AI prediction failed: execute: Python推理失败 (尝试 1/1): exit status 1
2025/11/10 08:08:18 📥 AI prediction request | Tool=jxl | Quality=85 | Mode=balanced | Image=/Users/nyamiiko/Documents/git/Pixly/@test/test.library/images/MHRK15Q2S9KQL.info/表情包 (465).jxl
2025/11/10 08:08:19 ❌ AI prediction failed: execute: Python推理失败 (尝试 1/1): exit status 1
2025/11/10 08:08:19 📥 AI prediction request | Tool=jxl | Quality=95 | Mode=quality | Image=/Users/nyamiiko/Documents/git/Pixly/@test/test.library/images/MHRK15Q2S9KQL.info/表情包 (465).jxl
2025/11/10 08:08:19 ❌ AI prediction failed: execute: Python推理失败 (尝试 1/1): exit status 1
2025/11/10 08:08:20 📥 AI prediction request | Tool=jxl | Quality=95 | Mode=quality | Image=/Users/nyamiiko/Documents/git/Pixly/@test/test.library/images/MHRK15Q2S9KQL.info/表情包 (465).jxl
2025/11/10 08:08:20 ❌ AI prediction failed: execute: Python推理失败 (尝试 1/1): exit status 1
2025/11/10 08:08:21 📥 AI prediction request | Tool=jxl | Quality=95 | Mode=quality | Image=/Users/nyamiiko/Documents/git/Pixly/@test/test.library/images/MHRK15Q2S9KQL.info/表情包 (465).jxl
2025/11/10 08:08:21 ❌ AI prediction failed: execute: Python推理失败 (尝试 1/1): exit status 1
2025/11/10 08:08:21 📥 AI prediction request | Tool=jxl | Quality=95 | Mode=quality | Image=/Users/nyamiiko/Documents/git/Pixly/@test/test.library/images/MHRK15Q2S9KQL.info/表情包 (465).jxl
2025/11/10 08:08:22 ❌ AI prediction failed: execute: Python推理失败 (尝试 1/1): exit status 1
2025/11/10 08:08:23 📥 AI prediction request | Tool=jxl | Quality=95 | Mode=quality | Image=/Users/nyamiiko/Documents/git/Pixly/@test/test.library/images/MHRK15Q2S9KQL.info/表情包 (465).jxl
2025/11/10 08:08:23 ❌ AI prediction failed: execute: Python推理失败 (尝试 1/1): exit status 1
2025/11/10 08:08:24 📥 AI prediction request | Tool=jxl | Quality=95 | Mode=quality | Image=/Users/nyamiiko/Documents/git/Pixly/@test/test.library/images/MHRK15Q2S9KQL.info/表情包 (465).jxl
2025/11/10 08:08:25 ❌ AI prediction failed: execute: Python推理失败 (尝试 1/1): exit status 1
2025/11/10 08:08:25 📥 AI prediction request | Tool=jxl | Quality=85 | Mode=balanced | Image=/Users/nyamiiko/Documents/git/Pixly/@test/test.library/images/MHRK15Q2WIPSC.info/表情包 (434).jxl
2025/11/10 08:08:26 ❌ AI prediction failed: execute: Python推理失败 (尝试 1/1): exit status 1
2025/11/10 08:08:26 📥 AI prediction request | Tool=jxl | Quality=85 | Mode=balanced | Image=/Users/nyamiiko/Documents/git/Pixly/@test/test.library/images/MHRK15Q2WIPSC.info/表情包 (434).jxl
2025/11/10 08:08:27 ❌ AI prediction failed: execute: Python推理失败 (尝试 1/1): exit status 1
2025/11/10 08:08:28 📥 AI prediction request | Tool=jxl | Quality=85 | Mode=balanced | Image=/Users/nyamiiko/Documents/git/Pixly/@test/test.library/images/MHRK15Q2WIPSC.info/表情包 (434).jxl
2025/11/10 08:08:28 ❌ AI prediction failed: execute: Python推理失败 (尝试 1/1): exit status 1
2025/11/10 08:08:28 📥 AI prediction request | Tool=jxl | Quality=95 | Mode=quality | Image=/Users/nyamiiko/Documents/git/Pixly/@test/test.library/images/MHRK15Q2WIPSC.info/表情包 (434).jxl
2025/11/10 08:08:29 ❌ AI prediction failed: execute: Python推理失败 (尝试 1/1): exit status 1
2025/11/10 08:08:29 📥 AI prediction request | Tool=jxl | Quality=95 | Mode=quality | Image=/Users/nyamiiko/Documents/git/Pixly/@test/test.library/images/MHRK15Q2WIPSC.info/表情包 (434).jxl
2025/11/10 08:08:30 ❌ AI prediction failed: execute: Python推理失败 (尝试 1/1): exit status 1
2025/11/10 08:08:31 📥 AI prediction request | Tool=jxl | Quality=95 | Mode=quality | Image=/Users/nyamiiko/Documents/git/Pixly/@test/test.library/images/MHRK15Q2WIPSC.info/表情包 (434).jxl
2025/11/10 08:08:31 ❌ AI prediction failed: execute: Python推理失败 (尝试 1/1): exit status 1
2025/11/10 08:08:31 📥 AI prediction request | Tool=jxl | Quality=95 | Mode=quality | Image=/Users/nyamiiko/Documents/git/Pixly/@test/test.library/images/MHRK15Q2WIPSC.info/表情包 (434).jxl
2025/11/10 08:08:32 ❌ AI prediction failed: execute: Python推理失败 (尝试 1/1): exit status 1
2025/11/10 08:08:32 📥 AI prediction request | Tool=jxl | Quality=95 | Mode=quality | Image=/Users/nyamiiko/Documents/git/Pixly/@test/test.library/images/MHRK15Q2WIPSC.info/表情包 (434).jxl
2025/11/10 08:08:33 ❌ AI prediction failed: execute: Python推理失败 (尝试 1/1): exit status 1
2025/11/10 08:08:33 📥 AI prediction request | Tool=jxl | Quality=95 | Mode=quality | Image=/Users/nyamiiko/Documents/git/Pixly/@test/test.library/images/MHRK15Q2WIPSC.info/表情包 (434).jxl
2025/11/10 08:08:34 ❌ AI prediction failed: execute: Python推理失败 (尝试 1/1): exit status 1
2025/11/10 08:15:06 📥 AI prediction request | Tool=default | Quality=85 | Mode=balanced | Image=/Users/nyamiiko/Documents/git/Pixly/@test/test.library/images/MHRK15Q2LFKOE.info/表情包 (426).jpg
2025/11/10 08:15:07 ✅ AI prediction succeeded | Q=85 d=0.5 | Confidence=0.50 | Time=1391ms
📤 [DEBUG] Sending response:
{
  "success": true,
  "params": {
    "quality": 85,
    "distance": 0.5,
    "effort": 0,
    "quantizer": 0,
    "speed": 0,
    "method": 0,
    "confidence": 0.5
  },
  "confidence": 0.5,
  "recommended_format": "jxl",
  "format_reason": "JPEG源文件，JXL无损转码保持完美质量且体积更小",
  "time_ms": 1391
}
2025/11/10 08:15:07 📥 AI prediction request | Tool=heic | Quality=95 | Mode=quality | Image=/Users/nyamiiko/Documents/git/Pixly/@test/test.library/images/MHRK15Q2LFKOE.info/表情包 (426).jpg
2025/11/10 08:15:08 ✅ AI prediction succeeded | Q=95 d=0.0 | Confidence=0.50 | Time=909ms
📤 [DEBUG] Sending response:
{
  "success": true,
  "params": {
    "quality": 95,
    "distance": 0,
    "effort": 0,
    "quantizer": 0,
    "speed": 0,
    "method": 0,
    "confidence": 0.5
  },
  "confidence": 0.5,
  "recommended_format": "jxl",
  "format_reason": "JPEG源文件，JXL无损转码保持完美质量且体积更小",
  "time_ms": 909
}
2025/11/10 08:15:08 📥 AI prediction request | Tool=default | Quality=95 | Mode=quality | Image=/Users/nyamiiko/Documents/git/Pixly/@test/test.library/images/MHRK15Q2LFKOE.info/表情包 (426).jpg
2025/11/10 08:15:09 ✅ AI prediction succeeded | Q=95 d=0.0 | Confidence=0.50 | Time=942ms
📤 [DEBUG] Sending response:
{
  "success": true,
  "params": {
    "quality": 95,
    "distance": 0,
    "effort": 0,
    "quantizer": 0,
    "speed": 0,
    "method": 0,
    "confidence": 0.5
  },
  "confidence": 0.5,
  "recommended_format": "jxl",
  "format_reason": "JPEG源文件，JXL无损转码保持完美质量且体积更小",
  "time_ms": 942
}
2025/11/10 08:15:10 📥 AI prediction request | Tool=default | Quality=85 | Mode=balanced | Image=/Users/nyamiiko/Documents/git/Pixly/@test/test.library/images/MHRK15Q2S0OKB.info/表情包 (376).jpg
2025/11/10 08:15:14 ✅ AI prediction succeeded | Q=85 d=0.5 | Confidence=0.50 | Time=3142ms
📤 [DEBUG] Sending response:
{
  "success": true,
  "params": {
    "quality": 85,
    "distance": 0.5,
    "effort": 0,
    "quantizer": 0,
    "speed": 0,
    "method": 0,
    "confidence": 0.5
  },
  "confidence": 0.5,
  "recommended_format": "jxl",
  "format_reason": "JPEG源文件，JXL无损转码保持完美质量且体积更小",
  "time_ms": 3142
}
2025/11/10 08:15:14 📥 AI prediction request | Tool=heic | Quality=95 | Mode=quality | Image=/Users/nyamiiko/Documents/git/Pixly/@test/test.library/images/MHRK15Q2S0OKB.info/表情包 (376).jpg
2025/11/10 08:15:16 ✅ AI prediction succeeded | Q=95 d=0.0 | Confidence=0.50 | Time=2462ms
📤 [DEBUG] Sending response:
{
  "success": true,
  "params": {
    "quality": 95,
    "distance": 0,
    "effort": 0,
    "quantizer": 0,
    "speed": 0,
    "method": 0,
    "confidence": 0.5
  },
  "confidence": 0.5,
  "recommended_format": "jxl",
  "format_reason": "JPEG源文件，JXL无损转码保持完美质量且体积更小",
  "time_ms": 2462
}
2025/11/10 08:15:16 📥 AI prediction request | Tool=default | Quality=95 | Mode=quality | Image=/Users/nyamiiko/Documents/git/Pixly/@test/test.library/images/MHRK15Q2S0OKB.info/表情包 (376).jpg
2025/11/10 08:15:19 ✅ AI prediction succeeded | Q=95 d=0.0 | Confidence=0.50 | Time=2606ms
📤 [DEBUG] Sending response:
{
  "success": true,
  "params": {
    "quality": 95,
    "distance": 0,
    "effort": 0,
    "quantizer": 0,
    "speed": 0,
    "method": 0,
    "confidence": 0.5
  },
  "confidence": 0.5,
  "recommended_format": "jxl",
  "format_reason": "JPEG源文件，JXL无损转码保持完美质量且体积更小",
  "time_ms": 2606
}
2025/11/10 11:07:02 📥 AI prediction request | Tool=jxl | Quality=95 | Mode=quality | Image=/Users/nyamiiko/Documents/git/Pixly/@test/test.library/images/MHRK15Q2BK70Q.info/表情包 (83).jpg
2025/11/10 11:07:05 ✅ AI prediction succeeded | Q=95 d=0.0 | Confidence=0.50 | Time=2837ms
📤 [DEBUG] Sending response:
{
  "success": true,
  "params": {
    "quality": 95,
    "distance": 0,
    "effort": 7,
    "quantizer": 0,
    "speed": 0,
    "method": 0,
    "confidence": 0.5
  },
  "confidence": 0.5,
  "recommended_format": "jxl",
  "format_reason": "JPEG源文件，JXL无损转码保持完美质量且体积更小",
  "time_ms": 2837
}
2025/11/10 11:43:08 📥 AI prediction request | Tool=jxl | Quality=95 | Mode=quality | Image=/Users/nyamiiko/Documents/git/Pixly/@test/test.library/images/MHRK15Q2KMVZ1.info/表情包 (702).jpg
2025/11/10 11:43:10 ✅ AI prediction succeeded | Q=95 d=0.0 | Confidence=0.50 | Time=1896ms
📤 [DEBUG] Sending response:
{
  "success": true,
  "params": {
    "quality": 95,
    "distance": 0,
    "effort": 7,
    "quantizer": 0,
    "speed": 0,
    "method": 0,
    "confidence": 0.5
  },
  "confidence": 0.5,
  "recommended_format": "jxl",
  "format_reason": "JPEG源文件，JXL无损转码保持完美质量且体积更小",
  "time_ms": 1896
}
2025/11/10 11:43:11 📥 AI prediction request | Tool=jxl | Quality=95 | Mode=quality | Image=/Users/nyamiiko/Documents/git/Pixly/@test/test.library/images/MHRK15Q24CAQH.info/表情包 (279).jpg
2025/11/10 11:43:14 ✅ AI prediction succeeded | Q=95 d=0.0 | Confidence=0.50 | Time=2359ms
📤 [DEBUG] Sending response:
{
  "success": true,
  "params": {
    "quality": 95,
    "distance": 0,
    "effort": 7,
    "quantizer": 0,
    "speed": 0,
    "method": 0,
    "confidence": 0.5
  },
  "confidence": 0.5,
  "recommended_format": "jxl",
  "format_reason": "JPEG源文件，JXL无损转码保持完美质量且体积更小",
  "time_ms": 2359
}
2025/11/10 14:55:53 📥 AI prediction request | Tool=jxl | Quality=85 | Mode=balanced | Image=/Users/nyamiiko/Documents/git/Pixly/@test/test.library/images/MHRK15Q2ZH4PU.info/表情包 (918).jxl
2025/11/10 14:55:56 ❌ AI prediction failed: execute: Python推理失败 (尝试 1/1): exit status 1
2025/11/10 14:55:56 📥 AI prediction request | Tool=jxl | Quality=85 | Mode=balanced | Image=/Users/nyamiiko/Documents/git/Pixly/@test/test.library/images/MHRK15Q2ZH4PU.info/表情包 (918).jxl
2025/11/10 14:55:57 ❌ AI prediction failed: execute: Python推理失败 (尝试 1/1): exit status 1
2025/11/10 14:55:58 📥 AI prediction request | Tool=jxl | Quality=85 | Mode=balanced | Image=/Users/nyamiiko/Documents/git/Pixly/@test/test.library/images/MHRK15Q2ZH4PU.info/表情包 (918).jxl
2025/11/10 14:55:58 ❌ AI prediction failed: execute: Python推理失败 (尝试 1/1): exit status 1
2025/11/10 14:55:58 📥 AI prediction request | Tool=jxl | Quality=95 | Mode=quality | Image=/Users/nyamiiko/Documents/git/Pixly/@test/test.library/images/MHRK15Q2ZH4PU.info/表情包 (918).jxl
2025/11/10 14:55:59 ❌ AI prediction failed: execute: Python推理失败 (尝试 1/1): exit status 1
2025/11/10 14:55:59 📥 AI prediction request | Tool=jxl | Quality=95 | Mode=quality | Image=/Users/nyamiiko/Documents/git/Pixly/@test/test.library/images/MHRK15Q2ZH4PU.info/表情包 (918).jxl
2025/11/10 14:56:00 ❌ AI prediction failed: execute: Python推理失败 (尝试 1/1): exit status 1
2025/11/10 14:56:00 📥 AI prediction request | Tool=jxl | Quality=95 | Mode=quality | Image=/Users/nyamiiko/Documents/git/Pixly/@test/test.library/images/MHRK15Q2ZH4PU.info/表情包 (918).jxl
2025/11/10 14:56:01 ❌ AI prediction failed: execute: Python推理失败 (尝试 1/1): exit status 1
2025/11/10 14:56:01 📥 AI prediction request | Tool=jxl | Quality=85 | Mode=balanced | Image=/Users/nyamiiko/Documents/git/Pixly/@test/test.library/images/MHRK15Q2ZH4PU.info/表情包 (918).jxl
2025/11/10 14:56:02 ❌ AI prediction failed: execute: Python推理失败 (尝试 1/1): exit status 1
2025/11/10 14:56:02 📥 AI prediction request | Tool=jxl | Quality=85 | Mode=balanced | Image=/Users/nyamiiko/Documents/git/Pixly/@test/test.library/images/MHRK15Q2ZH4PU.info/表情包 (918).jxl
2025/11/10 14:56:03 ❌ AI prediction failed: execute: Python推理失败 (尝试 1/1): exit status 1
2025/11/10 14:56:03 📥 AI prediction request | Tool=jxl | Quality=85 | Mode=balanced | Image=/Users/nyamiiko/Documents/git/Pixly/@test/test.library/images/MHRK15Q2ZH4PU.info/表情包 (918).jxl
2025/11/10 14:56:04 ❌ AI prediction failed: execute: Python推理失败 (尝试 1/1): exit status 1
2025/11/11 07:42:02 📥 AI prediction request | Tool=avif | Quality=95 | Mode=quality | Image=/tmp/dummy_1920x1080.png
2025/11/11 07:42:02 📥 AI prediction request | Tool=jxl | Quality=95 | Mode=quality | Image=/tmp/dummy_1920x1080.jpeg
2025/11/11 07:42:02 📥 AI prediction request | Tool=webp | Quality=85 | Mode=balanced | Image=/tmp/dummy_1920x1080.png
2025/11/11 07:42:05 ❌ AI prediction failed: execute: Python推理失败 (尝试 1/1): exit status 1
2025/11/11 07:42:05 ❌ AI prediction failed: execute: Python推理失败 (尝试 1/1): exit status 1
2025/11/11 07:42:05 ❌ AI prediction failed: execute: Python推理失败 (尝试 1/1): exit status 1
2025/11/11 07:42:05 📥 AI prediction request | Tool=jxl | Quality=95 | Mode=quality | Image=/tmp/dummy_1920x1080.jpeg
2025/11/11 07:42:05 📥 AI prediction request | Tool=avif | Quality=95 | Mode=quality | Image=/tmp/dummy_1920x1080.png
2025/11/11 07:42:05 📥 AI prediction request | Tool=webp | Quality=85 | Mode=balanced | Image=/tmp/dummy_1920x1080.png
2025/11/11 07:42:06 ❌ AI prediction failed: execute: Python推理失败 (尝试 1/1): exit status 1
2025/11/11 07:42:06 ❌ AI prediction failed: execute: Python推理失败 (尝试 1/1): exit status 1
2025/11/11 07:42:06 ❌ AI prediction failed: execute: Python推理失败 (尝试 1/1): exit status 1
2025/11/11 07:42:07 📥 AI prediction request | Tool=jxl | Quality=95 | Mode=quality | Image=/tmp/dummy_1920x1080.jpeg
2025/11/11 07:42:07 📥 AI prediction request | Tool=avif | Quality=95 | Mode=quality | Image=/tmp/dummy_1920x1080.png
2025/11/11 07:42:07 📥 AI prediction request | Tool=webp | Quality=85 | Mode=balanced | Image=/tmp/dummy_1920x1080.png
2025/11/11 07:42:08 ❌ AI prediction failed: execute: Python推理失败 (尝试 1/1): exit status 1
2025/11/11 07:42:08 ❌ AI prediction failed: execute: Python推理失败 (尝试 1/1): exit status 1
2025/11/11 07:42:08 ❌ AI prediction failed: execute: Python推理失败 (尝试 1/1): exit status 1
2025/11/11 07:42:08 📥 AI prediction request | Tool=avif | Quality=85 | Mode=balanced | Image=/tmp/dummy_800x600.png
2025/11/11 07:42:08 ❌ AI prediction failed: execute: Python推理失败 (尝试 1/1): exit status 1
2025/11/11 07:42:09 📥 AI prediction request | Tool=avif | Quality=85 | Mode=balanced | Image=/tmp/dummy_800x600.png
2025/11/11 07:42:09 ❌ AI prediction failed: execute: Python推理失败 (尝试 1/1): exit status 1
2025/11/11 07:42:10 📥 AI prediction request | Tool=avif | Quality=85 | Mode=balanced | Image=/tmp/dummy_800x600.png
2025/11/11 07:42:11 ❌ AI prediction failed: execute: Python推理失败 (尝试 1/1): exit status 1
2025/11/11 07:42:11 📥 AI prediction request | Tool=png | Quality=85 | Mode=balanced | Image=/tmp/dummy_1920x1080.png
2025/11/11 07:42:11 ❌ AI prediction failed: execute: Python推理失败 (尝试 1/1): exit status 1
2025/11/11 07:42:12 📥 AI prediction request | Tool=png | Quality=85 | Mode=balanced | Image=/tmp/dummy_1920x1080.png
2025/11/11 07:42:12 ❌ AI prediction failed: execute: Python推理失败 (尝试 1/1): exit status 1
2025/11/11 07:42:13 📥 AI prediction request | Tool=png | Quality=85 | Mode=balanced | Image=/tmp/dummy_1920x1080.png
2025/11/11 07:42:14 ❌ AI prediction failed: execute: Python推理失败 (尝试 1/1): exit status 1
2025/11/11 07:42:14 📥 AI prediction request | Tool=avif | Quality=85 | Mode=balanced | Image=/tmp/dummy_1920x1080.png
2025/11/11 07:42:14 ❌ AI prediction failed: execute: Python推理失败 (尝试 1/1): exit status 1
2025/11/11 07:42:15 📥 AI prediction request | Tool=avif | Quality=85 | Mode=balanced | Image=/tmp/dummy_1920x1080.png
2025/11/11 07:42:15 ❌ AI prediction failed: execute: Python推理失败 (尝试 1/1): exit status 1
2025/11/11 07:42:16 📥 AI prediction request | Tool=avif | Quality=85 | Mode=balanced | Image=/tmp/dummy_1920x1080.png
2025/11/11 07:42:17 ❌ AI prediction failed: execute: Python推理失败 (尝试 1/1): exit status 1
2025/11/11 07:42:17 📥 AI prediction request | Tool=avif | Quality=85 | Mode=balanced | Image=/tmp/dummy_1920x1080.png
2025/11/11 07:42:17 ❌ AI prediction failed: execute: Python推理失败 (尝试 1/1): exit status 1
2025/11/11 07:42:18 📥 AI prediction request | Tool=avif | Quality=85 | Mode=balanced | Image=/tmp/dummy_1920x1080.png
2025/11/11 07:42:18 ❌ AI prediction failed: execute: Python推理失败 (尝试 1/1): exit status 1
2025/11/11 07:42:19 📥 AI prediction request | Tool=avif | Quality=85 | Mode=balanced | Image=/tmp/dummy_1920x1080.png
2025/11/11 07:42:19 ❌ AI prediction failed: execute: Python推理失败 (尝试 1/1): exit status 1
2025/11/11 07:42:19 📥 AI prediction request | Tool=avif | Quality=85 | Mode=balanced | Image=/tmp/dummy_3840x2160.png
2025/11/11 07:42:20 ❌ AI prediction failed: execute: Python推理失败 (尝试 1/1): exit status 1
2025/11/11 07:42:21 📥 AI prediction request | Tool=avif | Quality=85 | Mode=balanced | Image=/tmp/dummy_3840x2160.png
2025/11/11 07:42:21 ❌ AI prediction failed: execute: Python推理失败 (尝试 1/1): exit status 1
2025/11/11 07:42:22 📥 AI prediction request | Tool=avif | Quality=85 | Mode=balanced | Image=/tmp/dummy_3840x2160.png
2025/11/11 07:42:22 ❌ AI prediction failed: execute: Python推理失败 (尝试 1/1): exit status 1
2025/11/11 07:42:22 📥 AI prediction request | Tool=avif | Quality=85 | Mode=balanced | Image=/tmp/dummy_1920x1080.png
2025/11/11 07:42:23 ❌ AI prediction failed: execute: Python推理失败 (尝试 1/1): exit status 1
2025/11/11 07:42:24 📥 AI prediction request | Tool=avif | Quality=85 | Mode=balanced | Image=/tmp/dummy_1920x1080.png
2025/11/11 07:42:24 ❌ AI prediction failed: execute: Python推理失败 (尝试 1/1): exit status 1
2025/11/11 07:42:25 📥 AI prediction request | Tool=avif | Quality=85 | Mode=balanced | Image=/tmp/dummy_1920x1080.png
2025/11/11 07:42:25 ❌ AI prediction failed: execute: Python推理失败 (尝试 1/1): exit status 1
2025/11/11 09:16:10 📥 AI prediction request | Tool=avif | Quality=85 | Mode=balanced | Image=/tmp/pixly_test/test_blue.png
2025/11/11 09:16:12 ✅ AI prediction succeeded | Q=85 d=0.5 | Confidence=0.85 | Time=2231ms
📤 [DEBUG] Sending response:
{
  "success": true,
  "params": {
    "quality": 85,
    "distance": 0.5,
    "effort": 0,
    "quantizer": 15,
    "speed": 6,
    "method": 0,
    "confidence": 0.85
  },
  "confidence": 0.85,
  "recommended_format": "webp",
  "format_reason": "插图推荐WebP，色块压缩效率高",
  "time_ms": 2231
}
2025/11/11 09:16:25 📥 AI prediction request | Tool=webp | Quality=85 | Mode=balanced | Image=/tmp/pixly_test/test_gradient.png
2025/11/11 09:16:27 ✅ AI prediction succeeded | Q=85 d=0.5 | Confidence=0.85 | Time=1241ms
📤 [DEBUG] Sending response:
{
  "success": true,
  "params": {
    "quality": 85,
    "distance": 0.5,
    "effort": 0,
    "quantizer": 0,
    "speed": 0,
    "method": 6,
    "confidence": 0.85
  },
  "confidence": 0.85,
  "recommended_format": "webp",
  "format_reason": "插图推荐WebP，色块压缩效率高",
  "time_ms": 1241
}
2025/11/11 09:16:27 📥 AI prediction request | Tool=webp | Quality=95 | Mode=quality | Image=/tmp/pixly_test/test_gradient.png
2025/11/11 09:16:27 ✅ AI prediction succeeded | Q=95 d=0.2 | Confidence=0.85 | Time=633ms
📤 [DEBUG] Sending response:
{
  "success": true,
  "params": {
    "quality": 95,
    "distance": 0.2,
    "effort": 0,
    "quantizer": 0,
    "speed": 0,
    "method": 6,
    "confidence": 0.85
  },
  "confidence": 0.85,
  "recommended_format": "webp",
  "format_reason": "插图推荐WebP，色块压缩效率高",
  "time_ms": 633
}
2025/11/11 09:16:27 📥 AI prediction request | Tool=webp | Quality=85 | Mode=balanced | Image=/tmp/pixly_test/test_gradient.png
2025/11/11 09:16:28 ✅ AI prediction succeeded | Q=85 d=0.5 | Confidence=0.85 | Time=611ms
📤 [DEBUG] Sending response:
{
  "success": true,
  "params": {
    "quality": 85,
    "distance": 0.5,
    "effort": 0,
    "quantizer": 0,
    "speed": 0,
    "method": 6,
    "confidence": 0.85
  },
  "confidence": 0.85,
  "recommended_format": "webp",
  "format_reason": "插图推荐WebP，色块压缩效率高",
  "time_ms": 611
}
2025/11/11 09:16:34 📥 AI prediction request | Tool=jxl | Quality=85 | Mode=balanced | Image=/tmp/pixly_test/test_text.png
2025/11/11 09:16:35 ✅ AI prediction succeeded | Q=90 d=0.5 | Confidence=0.85 | Time=725ms
📤 [DEBUG] Sending response:
{
  "success": true,
  "params": {
    "quality": 90,
    "distance": 0.5,
    "effort": 7,
    "quantizer": 0,
    "speed": 0,
    "method": 0,
    "confidence": 0.85
  },
  "confidence": 0.85,
  "recommended_format": "webp",
  "format_reason": "插图推荐WebP，色块压缩效率高",
  "time_ms": 725
}
2025/11/11 09:16:35 📥 AI prediction request | Tool=jxl | Quality=95 | Mode=quality | Image=/tmp/pixly_test/test_text.png
2025/11/11 09:16:36 ✅ AI prediction succeeded | Q=95 d=0.2 | Confidence=0.85 | Time=622ms
📤 [DEBUG] Sending response:
{
  "success": true,
  "params": {
    "quality": 95,
    "distance": 0.2,
    "effort": 7,
    "quantizer": 0,
    "speed": 0,
    "method": 0,
    "confidence": 0.85
  },
  "confidence": 0.85,
  "recommended_format": "webp",
  "format_reason": "插图推荐WebP，色块压缩效率高",
  "time_ms": 622
}
2025/11/11 09:16:36 📥 AI prediction request | Tool=jxl | Quality=95 | Mode=quality | Image=/tmp/pixly_test/test_text.png
2025/11/11 09:16:36 ✅ AI prediction succeeded | Q=95 d=0.2 | Confidence=0.85 | Time=616ms
📤 [DEBUG] Sending response:
{
  "success": true,
  "params": {
    "quality": 95,
    "distance": 0.2,
    "effort": 7,
    "quantizer": 0,
    "speed": 0,
    "method": 0,
    "confidence": 0.85
  },
  "confidence": 0.85,
  "recommended_format": "webp",
  "format_reason": "插图推荐WebP，色块压缩效率高",
  "time_ms": 616
}
2025/11/11 09:16:43 📥 AI prediction request | Tool=avif | Quality=85 | Mode=balanced | Image=/tmp/pixly_test/test_text.png
2025/11/11 09:16:44 ✅ AI prediction succeeded | Q=85 d=0.5 | Confidence=0.85 | Time=625ms
📤 [DEBUG] Sending response:
{
  "success": true,
  "params": {
    "quality": 85,
    "distance": 0.5,
    "effort": 0,
    "quantizer": 15,
    "speed": 6,
    "method": 0,
    "confidence": 0.85
  },
  "confidence": 0.85,
  "recommended_format": "webp",
  "format_reason": "插图推荐WebP，色块压缩效率高",
  "time_ms": 625
}
2025/11/11 09:22:13 📥 AI prediction request | Tool=avif | Quality=85 | Mode=balanced | Image=test_01_red_100x100.png
2025/11/11 09:22:14 ❌ AI prediction failed: execute: Python推理失败 (尝试 1/1): exit status 1
2025/11/11 09:22:15 📥 AI prediction request | Tool=avif | Quality=85 | Mode=balanced | Image=test_01_red_100x100.png
2025/11/11 09:22:15 ❌ AI prediction failed: execute: Python推理失败 (尝试 1/1): exit status 1
2025/11/11 09:22:16 📥 AI prediction request | Tool=avif | Quality=85 | Mode=balanced | Image=test_01_red_100x100.png
2025/11/11 09:22:16 ❌ AI prediction failed: execute: Python推理失败 (尝试 1/1): exit status 1
2025/11/11 09:22:16 📥 AI prediction request | Tool=avif | Quality=95 | Mode=quality | Image=test_01_red_100x100.png
2025/11/11 09:22:17 ❌ AI prediction failed: execute: Python推理失败 (尝试 1/1): exit status 1
2025/11/11 09:22:17 📥 AI prediction request | Tool=avif | Quality=95 | Mode=quality | Image=test_01_red_100x100.png
2025/11/11 09:22:18 ❌ AI prediction failed: execute: Python推理失败 (尝试 1/1): exit status 1
2025/11/11 09:22:18 📥 AI prediction request | Tool=avif | Quality=95 | Mode=quality | Image=test_01_red_100x100.png
2025/11/11 09:22:19 ❌ AI prediction failed: execute: Python推理失败 (尝试 1/1): exit status 1
2025/11/11 09:22:19 📥 AI prediction request | Tool=avif | Quality=85 | Mode=balanced | Image=test_01_red_100x100.png
2025/11/11 09:22:19 ❌ AI prediction failed: execute: Python推理失败 (尝试 1/1): exit status 1
2025/11/11 09:22:20 📥 AI prediction request | Tool=avif | Quality=85 | Mode=balanced | Image=test_01_red_100x100.png
2025/11/11 09:22:20 ❌ AI prediction failed: execute: Python推理失败 (尝试 1/1): exit status 1
2025/11/11 09:22:21 📥 AI prediction request | Tool=avif | Quality=85 | Mode=balanced | Image=test_01_red_100x100.png
2025/11/11 09:22:22 ❌ AI prediction failed: execute: Python推理失败 (尝试 1/1): exit status 1
2025/11/11 09:22:29 📥 AI prediction request | Tool=avif | Quality=85 | Mode=balanced | Image=test_01_red_100x100.png
2025/11/11 09:22:30 ❌ AI prediction failed: execute: Python推理失败 (尝试 1/1): exit status 1
2025/11/11 09:22:31 📥 AI prediction request | Tool=avif | Quality=85 | Mode=balanced | Image=test_01_red_100x100.png
2025/11/11 09:22:31 ❌ AI prediction failed: execute: Python推理失败 (尝试 1/1): exit status 1
2025/11/11 09:22:32 📥 AI prediction request | Tool=avif | Quality=85 | Mode=balanced | Image=test_01_red_100x100.png
2025/11/11 09:22:32 ❌ AI prediction failed: execute: Python推理失败 (尝试 1/1): exit status 1
2025/11/11 09:22:32 📥 AI prediction request | Tool=avif | Quality=95 | Mode=quality | Image=test_01_red_100x100.png
2025/11/11 09:22:33 ❌ AI prediction failed: execute: Python推理失败 (尝试 1/1): exit status 1
2025/11/11 09:22:33 📥 AI prediction request | Tool=avif | Quality=95 | Mode=quality | Image=test_01_red_100x100.png
2025/11/11 09:22:34 ❌ AI prediction failed: execute: Python推理失败 (尝试 1/1): exit status 1
2025/11/11 09:22:34 📥 AI prediction request | Tool=avif | Quality=95 | Mode=quality | Image=test_01_red_100x100.png
2025/11/11 09:22:35 ❌ AI prediction failed: execute: Python推理失败 (尝试 1/1): exit status 1
2025/11/11 09:22:35 📥 AI prediction request | Tool=avif | Quality=85 | Mode=balanced | Image=test_01_red_100x100.png
2025/11/11 09:22:35 ❌ AI prediction failed: execute: Python推理失败 (尝试 1/1): exit status 1
2025/11/11 09:22:36 📥 AI prediction request | Tool=avif | Quality=85 | Mode=balanced | Image=test_01_red_100x100.png
2025/11/11 09:22:36 ❌ AI prediction failed: execute: Python推理失败 (尝试 1/1): exit status 1
2025/11/11 09:22:37 📥 AI prediction request | Tool=avif | Quality=85 | Mode=balanced | Image=test_01_red_100x100.png
2025/11/11 09:22:38 ❌ AI prediction failed: execute: Python推理失败 (尝试 1/1): exit status 1
2025/11/11 09:23:02 📥 AI prediction request | Tool=avif | Quality=85 | Mode=balanced | Image=test_01_red_100x100.png
2025/11/11 09:23:03 ❌ AI prediction failed: execute: Python推理失败 (尝试 1/1): exit status 1
2025/11/11 09:23:04 📥 AI prediction request | Tool=avif | Quality=85 | Mode=balanced | Image=test_01_red_100x100.png
2025/11/11 09:23:05 ❌ AI prediction failed: execute: Python推理失败 (尝试 1/1): exit status 1
2025/11/11 09:23:05 📥 AI prediction request | Tool=avif | Quality=85 | Mode=balanced | Image=test_01_red_100x100.png
2025/11/11 09:23:06 ❌ AI prediction failed: execute: Python推理失败 (尝试 1/1): exit status 1
2025/11/11 09:23:06 📥 AI prediction request | Tool=webp | Quality=85 | Mode=balanced | Image=test_01_red_100x100.png
2025/11/11 09:23:06 ❌ AI prediction failed: execute: Python推理失败 (尝试 1/1): exit status 1
2025/11/11 09:23:07 📥 AI prediction request | Tool=webp | Quality=85 | Mode=balanced | Image=test_01_red_100x100.png
2025/11/11 09:23:07 ❌ AI prediction failed: execute: Python推理失败 (尝试 1/1): exit status 1
2025/11/11 09:23:08 📥 AI prediction request | Tool=webp | Quality=85 | Mode=balanced | Image=test_01_red_100x100.png
2025/11/11 09:23:09 ❌ AI prediction failed: execute: Python推理失败 (尝试 1/1): exit status 1
2025/11/11 09:23:09 📥 AI prediction request | Tool=webp | Quality=95 | Mode=quality | Image=test_01_red_100x100.png
2025/11/11 09:23:09 ❌ AI prediction failed: execute: Python推理失败 (尝试 1/1): exit status 1
2025/11/11 09:23:10 📥 AI prediction request | Tool=webp | Quality=95 | Mode=quality | Image=test_01_red_100x100.png
2025/11/11 09:23:10 ❌ AI prediction failed: execute: Python推理失败 (尝试 1/1): exit status 1
2025/11/11 09:23:11 📥 AI prediction request | Tool=webp | Quality=95 | Mode=quality | Image=test_01_red_100x100.png
2025/11/11 09:23:11 ❌ AI prediction failed: execute: Python推理失败 (尝试 1/1): exit status 1
2025/11/11 09:23:11 📥 AI prediction request | Tool=webp | Quality=85 | Mode=balanced | Image=test_01_red_100x100.png
2025/11/11 09:23:12 ❌ AI prediction failed: execute: Python推理失败 (尝试 1/1): exit status 1
2025/11/11 09:23:12 📥 AI prediction request | Tool=webp | Quality=85 | Mode=balanced | Image=test_01_red_100x100.png
2025/11/11 09:23:13 ❌ AI prediction failed: execute: Python推理失败 (尝试 1/1): exit status 1
2025/11/11 09:23:13 📥 AI prediction request | Tool=webp | Quality=85 | Mode=balanced | Image=test_01_red_100x100.png
2025/11/11 09:23:14 ❌ AI prediction failed: execute: Python推理失败 (尝试 1/1): exit status 1
2025/11/11 09:23:14 📥 AI prediction request | Tool=jxl | Quality=85 | Mode=balanced | Image=test_01_red_100x100.png
2025/11/11 09:23:15 ❌ AI prediction failed: execute: Python推理失败 (尝试 1/1): exit status 1
2025/11/11 09:23:15 📥 AI prediction request | Tool=jxl | Quality=85 | Mode=balanced | Image=test_01_red_100x100.png
2025/11/11 09:23:16 ❌ AI prediction failed: execute: Python推理失败 (尝试 1/1): exit status 1
2025/11/11 09:23:16 📥 AI prediction request | Tool=jxl | Quality=85 | Mode=balanced | Image=test_01_red_100x100.png
2025/11/11 09:23:17 ❌ AI prediction failed: execute: Python推理失败 (尝试 1/1): exit status 1
2025/11/11 09:23:17 📥 AI prediction request | Tool=jxl | Quality=95 | Mode=quality | Image=test_01_red_100x100.png
2025/11/11 09:23:17 ❌ AI prediction failed: execute: Python推理失败 (尝试 1/1): exit status 1
2025/11/11 09:23:18 📥 AI prediction request | Tool=jxl | Quality=95 | Mode=quality | Image=test_01_red_100x100.png
2025/11/11 09:23:18 ❌ AI prediction failed: execute: Python推理失败 (尝试 1/1): exit status 1
2025/11/11 09:23:19 📥 AI prediction request | Tool=jxl | Quality=95 | Mode=quality | Image=test_01_red_100x100.png
2025/11/11 09:23:19 ❌ AI prediction failed: execute: Python推理失败 (尝试 1/1): exit status 1
2025/11/11 09:23:19 📥 AI prediction request | Tool=jxl | Quality=95 | Mode=quality | Image=test_01_red_100x100.png
2025/11/11 09:23:20 ❌ AI prediction failed: execute: Python推理失败 (尝试 1/1): exit status 1
2025/11/11 09:23:20 📥 AI prediction request | Tool=jxl | Quality=95 | Mode=quality | Image=test_01_red_100x100.png
2025/11/11 09:23:21 ❌ AI prediction failed: execute: Python推理失败 (尝试 1/1): exit status 1
2025/11/11 09:23:21 📥 AI prediction request | Tool=jxl | Quality=95 | Mode=quality | Image=test_01_red_100x100.png
2025/11/11 09:23:22 ❌ AI prediction failed: execute: Python推理失败 (尝试 1/1): exit status 1
2025/11/11 09:23:22 📥 AI prediction request | Tool=avif | Quality=85 | Mode=balanced | Image=test_02_blue_100x100.png
2025/11/11 09:23:23 ❌ AI prediction failed: execute: Python推理失败 (尝试 1/1): exit status 1
2025/11/11 09:23:23 📥 AI prediction request | Tool=avif | Quality=85 | Mode=balanced | Image=test_02_blue_100x100.png
2025/11/11 09:23:24 ❌ AI prediction failed: execute: Python推理失败 (尝试 1/1): exit status 1
2025/11/11 09:23:24 📥 AI prediction request | Tool=avif | Quality=85 | Mode=balanced | Image=test_02_blue_100x100.png
2025/11/11 09:23:25 ❌ AI prediction failed: execute: Python推理失败 (尝试 1/1): exit status 1
2025/11/11 09:23:25 📥 AI prediction request | Tool=webp | Quality=85 | Mode=balanced | Image=test_02_blue_100x100.png
2025/11/11 09:23:26 ❌ AI prediction failed: execute: Python推理失败 (尝试 1/1): exit status 1
2025/11/11 09:23:26 📥 AI prediction request | Tool=webp | Quality=85 | Mode=balanced | Image=test_02_blue_100x100.png
2025/11/11 09:23:27 ❌ AI prediction failed: execute: Python推理失败 (尝试 1/1): exit status 1
2025/11/11 09:23:27 📥 AI prediction request | Tool=webp | Quality=85 | Mode=balanced | Image=test_02_blue_100x100.png
2025/11/11 09:23:28 ❌ AI prediction failed: execute: Python推理失败 (尝试 1/1): exit status 1
2025/11/11 09:23:28 📥 AI prediction request | Tool=webp | Quality=95 | Mode=quality | Image=test_02_blue_100x100.png
2025/11/11 09:23:28 ❌ AI prediction failed: execute: Python推理失败 (尝试 1/1): exit status 1
2025/11/11 09:23:29 📥 AI prediction request | Tool=webp | Quality=95 | Mode=quality | Image=test_02_blue_100x100.png
2025/11/11 09:23:30 ❌ AI prediction failed: execute: Python推理失败 (尝试 1/1): exit status 1
2025/11/11 09:23:30 📥 AI prediction request | Tool=webp | Quality=95 | Mode=quality | Image=test_02_blue_100x100.png
2025/11/11 09:23:31 ❌ AI prediction failed: execute: Python推理失败 (尝试 1/1): exit status 1
2025/11/11 09:23:31 📥 AI prediction request | Tool=webp | Quality=85 | Mode=balanced | Image=test_02_blue_100x100.png
2025/11/11 09:23:31 ❌ AI prediction failed: execute: Python推理失败 (尝试 1/1): exit status 1
2025/11/11 09:23:32 📥 AI prediction request | Tool=webp | Quality=85 | Mode=balanced | Image=test_02_blue_100x100.png
2025/11/11 09:23:32 ❌ AI prediction failed: execute: Python推理失败 (尝试 1/1): exit status 1
2025/11/11 09:23:33 📥 AI prediction request | Tool=webp | Quality=85 | Mode=balanced | Image=test_02_blue_100x100.png
2025/11/11 09:23:33 ❌ AI prediction failed: execute: Python推理失败 (尝试 1/1): exit status 1
2025/11/11 09:23:34 📥 AI prediction request | Tool=jxl | Quality=85 | Mode=balanced | Image=test_02_blue_100x100.png
2025/11/11 09:23:34 ❌ AI prediction failed: execute: Python推理失败 (尝试 1/1): exit status 1
2025/11/11 09:23:35 📥 AI prediction request | Tool=jxl | Quality=85 | Mode=balanced | Image=test_02_blue_100x100.png
2025/11/11 09:23:35 ❌ AI prediction failed: execute: Python推理失败 (尝试 1/1): exit status 1
2025/11/11 09:23:36 📥 AI prediction request | Tool=jxl | Quality=85 | Mode=balanced | Image=test_02_blue_100x100.png
2025/11/11 09:23:36 ❌ AI prediction failed: execute: Python推理失败 (尝试 1/1): exit status 1
2025/11/11 09:23:36 📥 AI prediction request | Tool=jxl | Quality=95 | Mode=quality | Image=test_02_blue_100x100.png
2025/11/11 09:23:37 ❌ AI prediction failed: execute: Python推理失败 (尝试 1/1): exit status 1
2025/11/11 09:23:37 📥 AI prediction request | Tool=jxl | Quality=95 | Mode=quality | Image=test_02_blue_100x100.png
2025/11/11 09:23:38 ❌ AI prediction failed: execute: Python推理失败 (尝试 1/1): exit status 1
2025/11/11 09:23:38 📥 AI prediction request | Tool=jxl | Quality=95 | Mode=quality | Image=test_02_blue_100x100.png
2025/11/11 09:23:39 ❌ AI prediction failed: execute: Python推理失败 (尝试 1/1): exit status 1
2025/11/11 09:23:39 📥 AI prediction request | Tool=jxl | Quality=95 | Mode=quality | Image=test_02_blue_100x100.png
2025/11/11 09:23:39 ❌ AI prediction failed: execute: Python推理失败 (尝试 1/1): exit status 1
2025/11/11 09:23:40 📥 AI prediction request | Tool=jxl | Quality=95 | Mode=quality | Image=test_02_blue_100x100.png
2025/11/11 09:23:41 ❌ AI prediction failed: execute: Python推理失败 (尝试 1/1): exit status 1
2025/11/11 09:23:41 📥 AI prediction request | Tool=jxl | Quality=95 | Mode=quality | Image=test_02_blue_100x100.png
2025/11/11 09:23:42 ❌ AI prediction failed: execute: Python推理失败 (尝试 1/1): exit status 1
2025/11/11 09:23:42 📥 AI prediction request | Tool=avif | Quality=85 | Mode=balanced | Image=test_03_green_100x100.png
2025/11/11 09:23:42 ❌ AI prediction failed: execute: Python推理失败 (尝试 1/1): exit status 1
2025/11/11 09:23:43 📥 AI prediction request | Tool=avif | Quality=85 | Mode=balanced | Image=test_03_green_100x100.png
2025/11/11 09:23:43 ❌ AI prediction failed: execute: Python推理失败 (尝试 1/1): exit status 1
2025/11/11 09:23:44 📥 AI prediction request | Tool=avif | Quality=85 | Mode=balanced | Image=test_03_green_100x100.png
2025/11/11 09:23:44 ❌ AI prediction failed: execute: Python推理失败 (尝试 1/1): exit status 1
2025/11/11 09:23:45 📥 AI prediction request | Tool=webp | Quality=85 | Mode=balanced | Image=test_03_green_100x100.png
2025/11/11 09:23:45 ❌ AI prediction failed: execute: Python推理失败 (尝试 1/1): exit status 1
2025/11/11 09:23:46 📥 AI prediction request | Tool=webp | Quality=85 | Mode=balanced | Image=test_03_green_100x100.png
2025/11/11 09:23:46 ❌ AI prediction failed: execute: Python推理失败 (尝试 1/1): exit status 1
2025/11/11 09:23:47 📥 AI prediction request | Tool=webp | Quality=85 | Mode=balanced | Image=test_03_green_100x100.png
2025/11/11 09:23:47 ❌ AI prediction failed: execute: Python推理失败 (尝试 1/1): exit status 1
2025/11/11 09:23:47 📥 AI prediction request | Tool=webp | Quality=95 | Mode=quality | Image=test_03_green_100x100.png
2025/11/11 09:23:48 ❌ AI prediction failed: execute: Python推理失败 (尝试 1/1): exit status 1
2025/11/11 09:23:48 📥 AI prediction request | Tool=webp | Quality=95 | Mode=quality | Image=test_03_green_100x100.png
2025/11/11 09:23:49 ❌ AI prediction failed: execute: Python推理失败 (尝试 1/1): exit status 1
2025/11/11 09:23:49 📥 AI prediction request | Tool=webp | Quality=95 | Mode=quality | Image=test_03_green_100x100.png
2025/11/11 09:23:50 ❌ AI prediction failed: execute: Python推理失败 (尝试 1/1): exit status 1
2025/11/11 09:23:50 📥 AI prediction request | Tool=webp | Quality=85 | Mode=balanced | Image=test_03_green_100x100.png
2025/11/11 09:23:50 ❌ AI prediction failed: execute: Python推理失败 (尝试 1/1): exit status 1
2025/11/11 09:23:51 📥 AI prediction request | Tool=webp | Quality=85 | Mode=balanced | Image=test_03_green_100x100.png
2025/11/11 09:23:51 ❌ AI prediction failed: execute: Python推理失败 (尝试 1/1): exit status 1
2025/11/11 09:23:52 📥 AI prediction request | Tool=webp | Quality=85 | Mode=balanced | Image=test_03_green_100x100.png
2025/11/11 09:23:52 ❌ AI prediction failed: execute: Python推理失败 (尝试 1/1): exit status 1
2025/11/11 09:23:53 📥 AI prediction request | Tool=jxl | Quality=85 | Mode=balanced | Image=test_03_green_100x100.png
2025/11/11 09:23:53 ❌ AI prediction failed: execute: Python推理失败 (尝试 1/1): exit status 1
2025/11/11 09:23:54 📥 AI prediction request | Tool=jxl | Quality=85 | Mode=balanced | Image=test_03_green_100x100.png
2025/11/11 09:23:54 ❌ AI prediction failed: execute: Python推理失败 (尝试 1/1): exit status 1
2025/11/11 09:23:55 📥 AI prediction request | Tool=jxl | Quality=85 | Mode=balanced | Image=test_03_green_100x100.png
2025/11/11 09:23:55 ❌ AI prediction failed: execute: Python推理失败 (尝试 1/1): exit status 1
2025/11/11 09:23:55 📥 AI prediction request | Tool=jxl | Quality=95 | Mode=quality | Image=test_03_green_100x100.png
2025/11/11 09:23:56 ❌ AI prediction failed: execute: Python推理失败 (尝试 1/1): exit status 1
2025/11/11 09:23:56 📥 AI prediction request | Tool=jxl | Quality=95 | Mode=quality | Image=test_03_green_100x100.png
2025/11/11 09:23:57 ❌ AI prediction failed: execute: Python推理失败 (尝试 1/1): exit status 1
2025/11/11 09:23:57 📥 AI prediction request | Tool=jxl | Quality=95 | Mode=quality | Image=test_03_green_100x100.png
2025/11/11 09:23:58 ❌ AI prediction failed: execute: Python推理失败 (尝试 1/1): exit status 1
2025/11/11 09:23:58 📥 AI prediction request | Tool=jxl | Quality=95 | Mode=quality | Image=test_03_green_100x100.png
2025/11/11 09:23:58 ❌ AI prediction failed: execute: Python推理失败 (尝试 1/1): exit status 1
2025/11/11 09:23:59 📥 AI prediction request | Tool=jxl | Quality=95 | Mode=quality | Image=test_03_green_100x100.png
2025/11/11 09:23:59 ❌ AI prediction failed: execute: Python推理失败 (尝试 1/1): exit status 1
2025/11/11 09:24:00 📥 AI prediction request | Tool=jxl | Quality=95 | Mode=quality | Image=test_03_green_100x100.png
2025/11/11 09:24:00 ❌ AI prediction failed: execute: Python推理失败 (尝试 1/1): exit status 1
2025/11/11 09:24:01 📥 AI prediction request | Tool=avif | Quality=85 | Mode=balanced | Image=test_04_gradient_400x300.png
2025/11/11 09:24:01 ❌ AI prediction failed: execute: Python推理失败 (尝试 1/1): exit status 1
2025/11/11 09:24:02 📥 AI prediction request | Tool=avif | Quality=85 | Mode=balanced | Image=test_04_gradient_400x300.png
2025/11/11 09:24:02 ❌ AI prediction failed: execute: Python推理失败 (尝试 1/1): exit status 1
2025/11/11 09:24:03 📥 AI prediction request | Tool=avif | Quality=85 | Mode=balanced | Image=test_04_gradient_400x300.png
2025/11/11 09:24:03 ❌ AI prediction failed: execute: Python推理失败 (尝试 1/1): exit status 1
2025/11/11 09:24:03 📥 AI prediction request | Tool=webp | Quality=85 | Mode=balanced | Image=test_04_gradient_400x300.png
2025/11/11 09:24:04 ❌ AI prediction failed: execute: Python推理失败 (尝试 1/1): exit status 1
2025/11/11 09:24:04 📥 AI prediction request | Tool=webp | Quality=85 | Mode=balanced | Image=test_04_gradient_400x300.png
2025/11/11 09:24:05 ❌ AI prediction failed: execute: Python推理失败 (尝试 1/1): exit status 1
2025/11/11 09:24:06 📥 AI prediction request | Tool=webp | Quality=85 | Mode=balanced | Image=test_04_gradient_400x300.png
2025/11/11 09:24:06 ❌ AI prediction failed: execute: Python推理失败 (尝试 1/1): exit status 1
2025/11/11 09:24:06 📥 AI prediction request | Tool=webp | Quality=95 | Mode=quality | Image=test_04_gradient_400x300.png
2025/11/11 09:24:07 ❌ AI prediction failed: execute: Python推理失败 (尝试 1/1): exit status 1
2025/11/11 09:24:07 📥 AI prediction request | Tool=webp | Quality=95 | Mode=quality | Image=test_04_gradient_400x300.png
2025/11/11 09:24:08 ❌ AI prediction failed: execute: Python推理失败 (尝试 1/1): exit status 1
2025/11/11 09:24:08 📥 AI prediction request | Tool=webp | Quality=95 | Mode=quality | Image=test_04_gradient_400x300.png
2025/11/11 09:24:09 ❌ AI prediction failed: execute: Python推理失败 (尝试 1/1): exit status 1
2025/11/11 09:24:09 📥 AI prediction request | Tool=webp | Quality=85 | Mode=balanced | Image=test_04_gradient_400x300.png
2025/11/11 09:24:10 ❌ AI prediction failed: execute: Python推理失败 (尝试 1/1): exit status 1
2025/11/11 09:24:10 📥 AI prediction request | Tool=webp | Quality=85 | Mode=balanced | Image=test_04_gradient_400x300.png
2025/11/11 09:24:11 ❌ AI prediction failed: execute: Python推理失败 (尝试 1/1): exit status 1
2025/11/11 09:24:11 📥 AI prediction request | Tool=webp | Quality=85 | Mode=balanced | Image=test_04_gradient_400x300.png
2025/11/11 09:24:12 ❌ AI prediction failed: execute: Python推理失败 (尝试 1/1): exit status 1
2025/11/11 09:24:12 📥 AI prediction request | Tool=jxl | Quality=85 | Mode=balanced | Image=test_04_gradient_400x300.png
2025/11/11 09:24:13 ❌ AI prediction failed: execute: Python推理失败 (尝试 1/1): exit status 1
2025/11/11 09:24:13 📥 AI prediction request | Tool=jxl | Quality=85 | Mode=balanced | Image=test_04_gradient_400x300.png
2025/11/11 09:24:14 ❌ AI prediction failed: execute: Python推理失败 (尝试 1/1): exit status 1
2025/11/11 09:24:14 📥 AI prediction request | Tool=jxl | Quality=85 | Mode=balanced | Image=test_04_gradient_400x300.png
2025/11/11 09:24:15 ❌ AI prediction failed: execute: Python推理失败 (尝试 1/1): exit status 1
2025/11/11 09:24:15 📥 AI prediction request | Tool=jxl | Quality=95 | Mode=quality | Image=test_04_gradient_400x300.png
2025/11/11 09:24:15 ❌ AI prediction failed: execute: Python推理失败 (尝试 1/1): exit status 1
2025/11/11 09:24:16 📥 AI prediction request | Tool=jxl | Quality=95 | Mode=quality | Image=test_04_gradient_400x300.png
2025/11/11 09:24:16 ❌ AI prediction failed: execute: Python推理失败 (尝试 1/1): exit status 1
2025/11/11 09:24:17 📥 AI prediction request | Tool=jxl | Quality=95 | Mode=quality | Image=test_04_gradient_400x300.png
2025/11/11 09:24:17 ❌ AI prediction failed: execute: Python推理失败 (尝试 1/1): exit status 1
2025/11/11 09:24:17 📥 AI prediction request | Tool=jxl | Quality=95 | Mode=quality | Image=test_04_gradient_400x300.png
2025/11/11 09:24:18 ❌ AI prediction failed: execute: Python推理失败 (尝试 1/1): exit status 1
2025/11/11 09:24:18 📥 AI prediction request | Tool=jxl | Quality=95 | Mode=quality | Image=test_04_gradient_400x300.png
2025/11/11 09:24:19 ❌ AI prediction failed: execute: Python推理失败 (尝试 1/1): exit status 1
2025/11/11 09:24:19 📥 AI prediction request | Tool=jxl | Quality=95 | Mode=quality | Image=test_04_gradient_400x300.png
2025/11/11 09:24:20 ❌ AI prediction failed: execute: Python推理失败 (尝试 1/1): exit status 1
2025/11/11 09:24:20 📥 AI prediction request | Tool=avif | Quality=85 | Mode=balanced | Image=test_05_gradient2_400x300.png
2025/11/11 09:24:21 ❌ AI prediction failed: execute: Python推理失败 (尝试 1/1): exit status 1
2025/11/11 09:24:21 📥 AI prediction request | Tool=avif | Quality=85 | Mode=balanced | Image=test_05_gradient2_400x300.png
2025/11/11 09:24:22 ❌ AI prediction failed: execute: Python推理失败 (尝试 1/1): exit status 1
2025/11/11 09:24:22 📥 AI prediction request | Tool=avif | Quality=85 | Mode=balanced | Image=test_05_gradient2_400x300.png
2025/11/11 09:24:23 ❌ AI prediction failed: execute: Python推理失败 (尝试 1/1): exit status 1
2025/11/11 09:24:23 📥 AI prediction request | Tool=webp | Quality=85 | Mode=balanced | Image=test_05_gradient2_400x300.png
2025/11/11 09:24:24 ❌ AI prediction failed: execute: Python推理失败 (尝试 1/1): exit status 1
2025/11/11 09:24:24 📥 AI prediction request | Tool=webp | Quality=85 | Mode=balanced | Image=test_05_gradient2_400x300.png
2025/11/11 09:24:25 ❌ AI prediction failed: execute: Python推理失败 (尝试 1/1): exit status 1
2025/11/11 09:24:25 📥 AI prediction request | Tool=webp | Quality=85 | Mode=balanced | Image=test_05_gradient2_400x300.png
2025/11/11 09:24:26 ❌ AI prediction failed: execute: Python推理失败 (尝试 1/1): exit status 1
2025/11/11 09:24:26 📥 AI prediction request | Tool=webp | Quality=95 | Mode=quality | Image=test_05_gradient2_400x300.png
2025/11/11 09:24:26 ❌ AI prediction failed: execute: Python推理失败 (尝试 1/1): exit status 1
2025/11/11 09:24:27 📥 AI prediction request | Tool=webp | Quality=95 | Mode=quality | Image=test_05_gradient2_400x300.png
2025/11/11 09:24:27 ❌ AI prediction failed: execute: Python推理失败 (尝试 1/1): exit status 1
2025/11/11 09:24:28 📥 AI prediction request | Tool=webp | Quality=95 | Mode=quality | Image=test_05_gradient2_400x300.png
2025/11/11 09:24:28 ❌ AI prediction failed: execute: Python推理失败 (尝试 1/1): exit status 1
2025/11/11 09:24:28 📥 AI prediction request | Tool=webp | Quality=85 | Mode=balanced | Image=test_05_gradient2_400x300.png
2025/11/11 09:24:29 ❌ AI prediction failed: execute: Python推理失败 (尝试 1/1): exit status 1
2025/11/11 09:24:29 📥 AI prediction request | Tool=webp | Quality=85 | Mode=balanced | Image=test_05_gradient2_400x300.png
2025/11/11 09:24:30 ❌ AI prediction failed: execute: Python推理失败 (尝试 1/1): exit status 1
2025/11/11 09:24:30 📥 AI prediction request | Tool=webp | Quality=85 | Mode=balanced | Image=test_05_gradient2_400x300.png
2025/11/11 09:24:31 ❌ AI prediction failed: execute: Python推理失败 (尝试 1/1): exit status 1
2025/11/11 09:24:31 📥 AI prediction request | Tool=jxl | Quality=85 | Mode=balanced | Image=test_05_gradient2_400x300.png
2025/11/11 09:24:32 ❌ AI prediction failed: execute: Python推理失败 (尝试 1/1): exit status 1
2025/11/11 09:24:32 📥 AI prediction request | Tool=jxl | Quality=85 | Mode=balanced | Image=test_05_gradient2_400x300.png
2025/11/11 09:24:33 ❌ AI prediction failed: execute: Python推理失败 (尝试 1/1): exit status 1
2025/11/11 09:24:33 📥 AI prediction request | Tool=jxl | Quality=85 | Mode=balanced | Image=test_05_gradient2_400x300.png
2025/11/11 09:24:34 ❌ AI prediction failed: execute: Python推理失败 (尝试 1/1): exit status 1
2025/11/11 09:24:34 📥 AI prediction request | Tool=jxl | Quality=95 | Mode=quality | Image=test_05_gradient2_400x300.png
2025/11/11 09:24:34 ❌ AI prediction failed: execute: Python推理失败 (尝试 1/1): exit status 1
2025/11/11 09:24:35 📥 AI prediction request | Tool=jxl | Quality=95 | Mode=quality | Image=test_05_gradient2_400x300.png
2025/11/11 09:24:35 ❌ AI prediction failed: execute: Python推理失败 (尝试 1/1): exit status 1
2025/11/11 09:24:36 📥 AI prediction request | Tool=jxl | Quality=95 | Mode=quality | Image=test_05_gradient2_400x300.png
2025/11/11 09:24:36 ❌ AI prediction failed: execute: Python推理失败 (尝试 1/1): exit status 1
2025/11/11 09:24:36 📥 AI prediction request | Tool=jxl | Quality=95 | Mode=quality | Image=test_05_gradient2_400x300.png
2025/11/11 09:24:37 ❌ AI prediction failed: execute: Python推理失败 (尝试 1/1): exit status 1
2025/11/11 09:24:37 📥 AI prediction request | Tool=jxl | Quality=95 | Mode=quality | Image=test_05_gradient2_400x300.png
2025/11/11 09:24:38 ❌ AI prediction failed: execute: Python推理失败 (尝试 1/1): exit status 1
2025/11/11 09:24:38 📥 AI prediction request | Tool=jxl | Quality=95 | Mode=quality | Image=test_05_gradient2_400x300.png
2025/11/11 09:24:39 ❌ AI prediction failed: execute: Python推理失败 (尝试 1/1): exit status 1
2025/11/11 09:24:39 📥 AI prediction request | Tool=avif | Quality=85 | Mode=balanced | Image=test_06_text_300x200.png
2025/11/11 09:24:39 ❌ AI prediction failed: execute: Python推理失败 (尝试 1/1): exit status 1
2025/11/11 09:24:40 📥 AI prediction request | Tool=avif | Quality=85 | Mode=balanced | Image=test_06_text_300x200.png
2025/11/11 09:24:41 ❌ AI prediction failed: execute: Python推理失败 (尝试 1/1): exit status 1
2025/11/11 09:24:41 📥 AI prediction request | Tool=avif | Quality=85 | Mode=balanced | Image=test_06_text_300x200.png
2025/11/11 09:24:42 ❌ AI prediction failed: execute: Python推理失败 (尝试 1/1): exit status 1
2025/11/11 09:24:42 📥 AI prediction request | Tool=webp | Quality=85 | Mode=balanced | Image=test_06_text_300x200.png
2025/11/11 09:24:42 ❌ AI prediction failed: execute: Python推理失败 (尝试 1/1): exit status 1
2025/11/11 09:24:43 📥 AI prediction request | Tool=webp | Quality=85 | Mode=balanced | Image=test_06_text_300x200.png
2025/11/11 09:24:43 ❌ AI prediction failed: execute: Python推理失败 (尝试 1/1): exit status 1
2025/11/11 09:24:44 📥 AI prediction request | Tool=webp | Quality=85 | Mode=balanced | Image=test_06_text_300x200.png
2025/11/11 09:24:44 ❌ AI prediction failed: execute: Python推理失败 (尝试 1/1): exit status 1
2025/11/11 09:24:44 📥 AI prediction request | Tool=webp | Quality=95 | Mode=quality | Image=test_06_text_300x200.png
2025/11/11 09:24:45 ❌ AI prediction failed: execute: Python推理失败 (尝试 1/1): exit status 1
2025/11/11 09:24:45 📥 AI prediction request | Tool=webp | Quality=95 | Mode=quality | Image=test_06_text_300x200.png
2025/11/11 09:24:46 ❌ AI prediction failed: execute: Python推理失败 (尝试 1/1): exit status 1
2025/11/11 09:24:46 📥 AI prediction request | Tool=webp | Quality=95 | Mode=quality | Image=test_06_text_300x200.png
2025/11/11 09:24:47 ❌ AI prediction failed: execute: Python推理失败 (尝试 1/1): exit status 1
2025/11/11 09:24:47 📥 AI prediction request | Tool=webp | Quality=85 | Mode=balanced | Image=test_06_text_300x200.png
2025/11/11 09:24:47 ❌ AI prediction failed: execute: Python推理失败 (尝试 1/1): exit status 1
2025/11/11 09:24:48 📥 AI prediction request | Tool=webp | Quality=85 | Mode=balanced | Image=test_06_text_300x200.png
2025/11/11 09:24:48 ❌ AI prediction failed: execute: Python推理失败 (尝试 1/1): exit status 1
2025/11/11 09:24:49 📥 AI prediction request | Tool=webp | Quality=85 | Mode=balanced | Image=test_06_text_300x200.png
2025/11/11 09:24:50 ❌ AI prediction failed: execute: Python推理失败 (尝试 1/1): exit status 1
2025/11/11 09:24:50 📥 AI prediction request | Tool=jxl | Quality=85 | Mode=balanced | Image=test_06_text_300x200.png
2025/11/11 09:24:50 ❌ AI prediction failed: execute: Python推理失败 (尝试 1/1): exit status 1
2025/11/11 09:24:51 📥 AI prediction request | Tool=jxl | Quality=85 | Mode=balanced | Image=test_06_text_300x200.png
2025/11/11 09:24:51 ❌ AI prediction failed: execute: Python推理失败 (尝试 1/1): exit status 1
2025/11/11 09:24:52 📥 AI prediction request | Tool=jxl | Quality=85 | Mode=balanced | Image=test_06_text_300x200.png
2025/11/11 09:24:52 ❌ AI prediction failed: execute: Python推理失败 (尝试 1/1): exit status 1
2025/11/11 09:24:52 📥 AI prediction request | Tool=jxl | Quality=95 | Mode=quality | Image=test_06_text_300x200.png
2025/11/11 09:24:53 ❌ AI prediction failed: execute: Python推理失败 (尝试 1/1): exit status 1
2025/11/11 09:24:53 📥 AI prediction request | Tool=jxl | Quality=95 | Mode=quality | Image=test_06_text_300x200.png
2025/11/11 09:24:54 ❌ AI prediction failed: execute: Python推理失败 (尝试 1/1): exit status 1
2025/11/11 09:24:54 📥 AI prediction request | Tool=jxl | Quality=95 | Mode=quality | Image=test_06_text_300x200.png
2025/11/11 09:24:55 ❌ AI prediction failed: execute: Python推理失败 (尝试 1/1): exit status 1
2025/11/11 09:24:55 📥 AI prediction request | Tool=jxl | Quality=95 | Mode=quality | Image=test_06_text_300x200.png
2025/11/11 09:24:56 ❌ AI prediction failed: execute: Python推理失败 (尝试 1/1): exit status 1
2025/11/11 09:24:56 📥 AI prediction request | Tool=jxl | Quality=95 | Mode=quality | Image=test_06_text_300x200.png
2025/11/11 09:24:57 ❌ AI prediction failed: execute: Python推理失败 (尝试 1/1): exit status 1
2025/11/11 09:24:57 📥 AI prediction request | Tool=jxl | Quality=95 | Mode=quality | Image=test_06_text_300x200.png
2025/11/11 09:24:58 ❌ AI prediction failed: execute: Python推理失败 (尝试 1/1): exit status 1
2025/11/11 09:24:58 📥 AI prediction request | Tool=avif | Quality=85 | Mode=balanced | Image=test_07_text_800x600.png
2025/11/11 09:24:58 ❌ AI prediction failed: execute: Python推理失败 (尝试 1/1): exit status 1
2025/11/11 09:24:59 📥 AI prediction request | Tool=avif | Quality=85 | Mode=balanced | Image=test_07_text_800x600.png
2025/11/11 09:24:59 ❌ AI prediction failed: execute: Python推理失败 (尝试 1/1): exit status 1
2025/11/11 09:25:00 📥 AI prediction request | Tool=avif | Quality=85 | Mode=balanced | Image=test_07_text_800x600.png
2025/11/11 09:25:01 ❌ AI prediction failed: execute: Python推理失败 (尝试 1/1): exit status 1
2025/11/11 09:25:01 📥 AI prediction request | Tool=webp | Quality=85 | Mode=balanced | Image=test_07_text_800x600.png
2025/11/11 09:25:01 ❌ AI prediction failed: execute: Python推理失败 (尝试 1/1): exit status 1
2025/11/11 09:25:02 📥 AI prediction request | Tool=webp | Quality=85 | Mode=balanced | Image=test_07_text_800x600.png
2025/11/11 09:25:02 ❌ AI prediction failed: execute: Python推理失败 (尝试 1/1): exit status 1
2025/11/11 09:25:03 📥 AI prediction request | Tool=webp | Quality=85 | Mode=balanced | Image=test_07_text_800x600.png
2025/11/11 09:25:03 ❌ AI prediction failed: execute: Python推理失败 (尝试 1/1): exit status 1
2025/11/11 09:25:03 📥 AI prediction request | Tool=webp | Quality=95 | Mode=quality | Image=test_07_text_800x600.png
2025/11/11 09:25:04 ❌ AI prediction failed: execute: Python推理失败 (尝试 1/1): exit status 1
2025/11/11 09:25:04 📥 AI prediction request | Tool=webp | Quality=95 | Mode=quality | Image=test_07_text_800x600.png
2025/11/11 09:25:05 ❌ AI prediction failed: execute: Python推理失败 (尝试 1/1): exit status 1
2025/11/11 09:25:05 📥 AI prediction request | Tool=webp | Quality=95 | Mode=quality | Image=test_07_text_800x600.png
2025/11/11 09:25:06 ❌ AI prediction failed: execute: Python推理失败 (尝试 1/1): exit status 1
2025/11/11 09:25:06 📥 AI prediction request | Tool=webp | Quality=85 | Mode=balanced | Image=test_07_text_800x600.png
2025/11/11 09:25:07 ❌ AI prediction failed: execute: Python推理失败 (尝试 1/1): exit status 1
2025/11/11 09:25:07 📥 AI prediction request | Tool=webp | Quality=85 | Mode=balanced | Image=test_07_text_800x600.png
2025/11/11 09:25:08 ❌ AI prediction failed: execute: Python推理失败 (尝试 1/1): exit status 1
2025/11/11 09:25:08 📥 AI prediction request | Tool=webp | Quality=85 | Mode=balanced | Image=test_07_text_800x600.png
2025/11/11 09:25:09 ❌ AI prediction failed: execute: Python推理失败 (尝试 1/1): exit status 1
2025/11/11 09:25:09 📥 AI prediction request | Tool=jxl | Quality=85 | Mode=balanced | Image=test_07_text_800x600.png
2025/11/11 09:25:10 ❌ AI prediction failed: execute: Python推理失败 (尝试 1/1): exit status 1
2025/11/11 09:25:10 📥 AI prediction request | Tool=jxl | Quality=85 | Mode=balanced | Image=test_07_text_800x600.png
2025/11/11 09:25:11 ❌ AI prediction failed: execute: Python推理失败 (尝试 1/1): exit status 1
2025/11/11 09:25:11 📥 AI prediction request | Tool=jxl | Quality=85 | Mode=balanced | Image=test_07_text_800x600.png
2025/11/11 09:25:12 ❌ AI prediction failed: execute: Python推理失败 (尝试 1/1): exit status 1
2025/11/11 09:25:12 📥 AI prediction request | Tool=jxl | Quality=95 | Mode=quality | Image=test_07_text_800x600.png
2025/11/11 09:25:12 ❌ AI prediction failed: execute: Python推理失败 (尝试 1/1): exit status 1
2025/11/11 09:25:13 📥 AI prediction request | Tool=jxl | Quality=95 | Mode=quality | Image=test_07_text_800x600.png
2025/11/11 09:25:14 ❌ AI prediction failed: execute: Python推理失败 (尝试 1/1): exit status 1
2025/11/11 09:25:14 📥 AI prediction request | Tool=jxl | Quality=95 | Mode=quality | Image=test_07_text_800x600.png
2025/11/11 09:25:15 ❌ AI prediction failed: execute: Python推理失败 (尝试 1/1): exit status 1
2025/11/11 09:25:15 📥 AI prediction request | Tool=jxl | Quality=95 | Mode=quality | Image=test_07_text_800x600.png
2025/11/11 09:25:15 ❌ AI prediction failed: execute: Python推理失败 (尝试 1/1): exit status 1
2025/11/11 09:25:16 📥 AI prediction request | Tool=jxl | Quality=95 | Mode=quality | Image=test_07_text_800x600.png
2025/11/11 09:25:17 ❌ AI prediction failed: execute: Python推理失败 (尝试 1/1): exit status 1
2025/11/11 09:25:17 📥 AI prediction request | Tool=jxl | Quality=95 | Mode=quality | Image=test_07_text_800x600.png
2025/11/11 09:25:18 ❌ AI prediction failed: execute: Python推理失败 (尝试 1/1): exit status 1
2025/11/11 09:25:18 📥 AI prediction request | Tool=avif | Quality=85 | Mode=balanced | Image=test_08_plasma_500x500.png
2025/11/11 09:25:18 ❌ AI prediction failed: execute: Python推理失败 (尝试 1/1): exit status 1
2025/11/11 09:25:19 📥 AI prediction request | Tool=avif | Quality=85 | Mode=balanced | Image=test_08_plasma_500x500.png
2025/11/11 09:25:20 ❌ AI prediction failed: execute: Python推理失败 (尝试 1/1): exit status 1
2025/11/11 09:25:20 📥 AI prediction request | Tool=avif | Quality=85 | Mode=balanced | Image=test_08_plasma_500x500.png
2025/11/11 09:25:21 ❌ AI prediction failed: execute: Python推理失败 (尝试 1/1): exit status 1
2025/11/11 09:25:21 📥 AI prediction request | Tool=webp | Quality=85 | Mode=balanced | Image=test_08_plasma_500x500.png
2025/11/11 09:25:22 ❌ AI prediction failed: execute: Python推理失败 (尝试 1/1): exit status 1
2025/11/11 09:25:22 📥 AI prediction request | Tool=webp | Quality=85 | Mode=balanced | Image=test_08_plasma_500x500.png
2025/11/11 09:25:23 ❌ AI prediction failed: execute: Python推理失败 (尝试 1/1): exit status 1
2025/11/11 09:25:23 📥 AI prediction request | Tool=webp | Quality=85 | Mode=balanced | Image=test_08_plasma_500x500.png
2025/11/11 09:25:24 ❌ AI prediction failed: execute: Python推理失败 (尝试 1/1): exit status 1
2025/11/11 09:25:24 📥 AI prediction request | Tool=webp | Quality=95 | Mode=quality | Image=test_08_plasma_500x500.png
2025/11/11 09:25:24 ❌ AI prediction failed: execute: Python推理失败 (尝试 1/1): exit status 1
2025/11/11 09:25:25 📥 AI prediction request | Tool=webp | Quality=95 | Mode=quality | Image=test_08_plasma_500x500.png
2025/11/11 09:25:26 ❌ AI prediction failed: execute: Python推理失败 (尝试 1/1): exit status 1
2025/11/11 09:25:26 📥 AI prediction request | Tool=webp | Quality=95 | Mode=quality | Image=test_08_plasma_500x500.png
2025/11/11 09:25:27 ❌ AI prediction failed: execute: Python推理失败 (尝试 1/1): exit status 1
2025/11/11 09:25:27 📥 AI prediction request | Tool=webp | Quality=85 | Mode=balanced | Image=test_08_plasma_500x500.png
2025/11/11 09:25:27 ❌ AI prediction failed: execute: Python推理失败 (尝试 1/1): exit status 1
2025/11/11 09:25:28 📥 AI prediction request | Tool=webp | Quality=85 | Mode=balanced | Image=test_08_plasma_500x500.png
2025/11/11 09:25:28 ❌ AI prediction failed: execute: Python推理失败 (尝试 1/1): exit status 1
2025/11/11 09:25:29 📥 AI prediction request | Tool=webp | Quality=85 | Mode=balanced | Image=test_08_plasma_500x500.png
2025/11/11 09:25:29 ❌ AI prediction failed: execute: Python推理失败 (尝试 1/1): exit status 1
2025/11/11 09:25:30 📥 AI prediction request | Tool=jxl | Quality=85 | Mode=balanced | Image=test_08_plasma_500x500.png
2025/11/11 09:25:30 ❌ AI prediction failed: execute: Python推理失败 (尝试 1/1): exit status 1
2025/11/11 09:25:31 📥 AI prediction request | Tool=jxl | Quality=85 | Mode=balanced | Image=test_08_plasma_500x500.png
2025/11/11 09:25:31 ❌ AI prediction failed: execute: Python推理失败 (尝试 1/1): exit status 1
2025/11/11 09:25:32 📥 AI prediction request | Tool=jxl | Quality=85 | Mode=balanced | Image=test_08_plasma_500x500.png
2025/11/11 09:25:32 ❌ AI prediction failed: execute: Python推理失败 (尝试 1/1): exit status 1
2025/11/11 09:25:32 📥 AI prediction request | Tool=jxl | Quality=95 | Mode=quality | Image=test_08_plasma_500x500.png
2025/11/11 09:25:33 ❌ AI prediction failed: execute: Python推理失败 (尝试 1/1): exit status 1
2025/11/11 09:25:34 📥 AI prediction request | Tool=jxl | Quality=95 | Mode=quality | Image=test_08_plasma_500x500.png
2025/11/11 09:25:34 ❌ AI prediction failed: execute: Python推理失败 (尝试 1/1): exit status 1
2025/11/11 09:25:35 📥 AI prediction request | Tool=jxl | Quality=95 | Mode=quality | Image=test_08_plasma_500x500.png
2025/11/11 09:25:35 ❌ AI prediction failed: execute: Python推理失败 (尝试 1/1): exit status 1
2025/11/11 09:25:35 📥 AI prediction request | Tool=jxl | Quality=95 | Mode=quality | Image=test_08_plasma_500x500.png
2025/11/11 09:25:36 ❌ AI prediction failed: execute: Python推理失败 (尝试 1/1): exit status 1
2025/11/11 09:25:36 📥 AI prediction request | Tool=jxl | Quality=95 | Mode=quality | Image=test_08_plasma_500x500.png
2025/11/11 09:25:37 ❌ AI prediction failed: execute: Python推理失败 (尝试 1/1): exit status 1
2025/11/11 09:25:38 📥 AI prediction request | Tool=jxl | Quality=95 | Mode=quality | Image=test_08_plasma_500x500.png
2025/11/11 09:25:38 ❌ AI prediction failed: execute: Python推理失败 (尝试 1/1): exit status 1
2025/11/11 09:25:38 📥 AI prediction request | Tool=avif | Quality=85 | Mode=balanced | Image=test_09_plasma2_600x400.png
2025/11/11 09:25:39 ❌ AI prediction failed: execute: Python推理失败 (尝试 1/1): exit status 1
2025/11/11 09:25:39 📥 AI prediction request | Tool=avif | Quality=85 | Mode=balanced | Image=test_09_plasma2_600x400.png
2025/11/11 09:25:40 ❌ AI prediction failed: execute: Python推理失败 (尝试 1/1): exit status 1
2025/11/11 09:25:40 📥 AI prediction request | Tool=avif | Quality=85 | Mode=balanced | Image=test_09_plasma2_600x400.png
2025/11/11 09:25:41 ❌ AI prediction failed: execute: Python推理失败 (尝试 1/1): exit status 1
2025/11/11 09:25:41 📥 AI prediction request | Tool=webp | Quality=85 | Mode=balanced | Image=test_09_plasma2_600x400.png
2025/11/11 09:25:42 ❌ AI prediction failed: execute: Python推理失败 (尝试 1/1): exit status 1
2025/11/11 09:25:42 📥 AI prediction request | Tool=webp | Quality=85 | Mode=balanced | Image=test_09_plasma2_600x400.png
2025/11/11 09:25:43 ❌ AI prediction failed: execute: Python推理失败 (尝试 1/1): exit status 1
2025/11/11 09:25:43 📥 AI prediction request | Tool=webp | Quality=85 | Mode=balanced | Image=test_09_plasma2_600x400.png
2025/11/11 09:25:44 ❌ AI prediction failed: execute: Python推理失败 (尝试 1/1): exit status 1
2025/11/11 09:25:44 📥 AI prediction request | Tool=webp | Quality=95 | Mode=quality | Image=test_09_plasma2_600x400.png
2025/11/11 09:25:44 ❌ AI prediction failed: execute: Python推理失败 (尝试 1/1): exit status 1
2025/11/11 09:25:45 📥 AI prediction request | Tool=webp | Quality=95 | Mode=quality | Image=test_09_plasma2_600x400.png
2025/11/11 09:25:45 ❌ AI prediction failed: execute: Python推理失败 (尝试 1/1): exit status 1
2025/11/11 09:25:46 📥 AI prediction request | Tool=webp | Quality=95 | Mode=quality | Image=test_09_plasma2_600x400.png
2025/11/11 09:25:46 ❌ AI prediction failed: execute: Python推理失败 (尝试 1/1): exit status 1
2025/11/11 09:25:46 📥 AI prediction request | Tool=webp | Quality=85 | Mode=balanced | Image=test_09_plasma2_600x400.png
2025/11/11 09:25:47 ❌ AI prediction failed: execute: Python推理失败 (尝试 1/1): exit status 1
2025/11/11 09:25:48 📥 AI prediction request | Tool=webp | Quality=85 | Mode=balanced | Image=test_09_plasma2_600x400.png
2025/11/11 09:25:48 ❌ AI prediction failed: execute: Python推理失败 (尝试 1/1): exit status 1
2025/11/11 09:25:49 📥 AI prediction request | Tool=webp | Quality=85 | Mode=balanced | Image=test_09_plasma2_600x400.png
2025/11/11 09:25:49 ❌ AI prediction failed: execute: Python推理失败 (尝试 1/1): exit status 1
2025/11/11 09:25:49 📥 AI prediction request | Tool=jxl | Quality=85 | Mode=balanced | Image=test_09_plasma2_600x400.png
2025/11/11 09:25:50 ❌ AI prediction failed: execute: Python推理失败 (尝试 1/1): exit status 1
2025/11/11 09:25:50 📥 AI prediction request | Tool=jxl | Quality=85 | Mode=balanced | Image=test_09_plasma2_600x400.png
2025/11/11 09:25:51 ❌ AI prediction failed: execute: Python推理失败 (尝试 1/1): exit status 1
2025/11/11 09:25:51 📥 AI prediction request | Tool=jxl | Quality=85 | Mode=balanced | Image=test_09_plasma2_600x400.png
2025/11/11 09:25:52 ❌ AI prediction failed: execute: Python推理失败 (尝试 1/1): exit status 1
2025/11/11 09:25:52 📥 AI prediction request | Tool=jxl | Quality=95 | Mode=quality | Image=test_09_plasma2_600x400.png
2025/11/11 09:25:53 ❌ AI prediction failed: execute: Python推理失败 (尝试 1/1): exit status 1
2025/11/11 09:25:53 📥 AI prediction request | Tool=jxl | Quality=95 | Mode=quality | Image=test_09_plasma2_600x400.png
2025/11/11 09:25:54 ❌ AI prediction failed: execute: Python推理失败 (尝试 1/1): exit status 1
2025/11/11 09:25:54 📥 AI prediction request | Tool=jxl | Quality=95 | Mode=quality | Image=test_09_plasma2_600x400.png
2025/11/11 09:25:55 ❌ AI prediction failed: execute: Python推理失败 (尝试 1/1): exit status 1
2025/11/11 09:25:55 📥 AI prediction request | Tool=jxl | Quality=95 | Mode=quality | Image=test_09_plasma2_600x400.png
2025/11/11 09:25:55 ❌ AI prediction failed: execute: Python推理失败 (尝试 1/1): exit status 1
2025/11/11 09:25:56 📥 AI prediction request | Tool=jxl | Quality=95 | Mode=quality | Image=test_09_plasma2_600x400.png
2025/11/11 09:25:56 ❌ AI prediction failed: execute: Python推理失败 (尝试 1/1): exit status 1
2025/11/11 09:25:57 📥 AI prediction request | Tool=jxl | Quality=95 | Mode=quality | Image=test_09_plasma2_600x400.png
2025/11/11 09:25:58 ❌ AI prediction failed: execute: Python推理失败 (尝试 1/1): exit status 1
2025/11/11 09:25:58 📥 AI prediction request | Tool=avif | Quality=85 | Mode=balanced | Image=test_10_checkerboard_400x400.png
2025/11/11 09:25:58 ❌ AI prediction failed: execute: Python推理失败 (尝试 1/1): exit status 1
2025/11/11 09:25:59 📥 AI prediction request | Tool=avif | Quality=85 | Mode=balanced | Image=test_10_checkerboard_400x400.png
2025/11/11 09:25:59 ❌ AI prediction failed: execute: Python推理失败 (尝试 1/1): exit status 1
2025/11/11 09:26:00 📥 AI prediction request | Tool=avif | Quality=85 | Mode=balanced | Image=test_10_checkerboard_400x400.png
2025/11/11 09:26:00 ❌ AI prediction failed: execute: Python推理失败 (尝试 1/1): exit status 1
2025/11/11 09:26:01 📥 AI prediction request | Tool=webp | Quality=85 | Mode=balanced | Image=test_10_checkerboard_400x400.png
2025/11/11 09:26:01 ❌ AI prediction failed: execute: Python推理失败 (尝试 1/1): exit status 1
2025/11/11 09:26:02 📥 AI prediction request | Tool=webp | Quality=85 | Mode=balanced | Image=test_10_checkerboard_400x400.png
2025/11/11 09:26:02 ❌ AI prediction failed: execute: Python推理失败 (尝试 1/1): exit status 1
2025/11/11 09:26:03 📥 AI prediction request | Tool=webp | Quality=85 | Mode=balanced | Image=test_10_checkerboard_400x400.png
2025/11/11 09:26:04 ❌ AI prediction failed: execute: Python推理失败 (尝试 1/1): exit status 1
2025/11/11 09:26:04 📥 AI prediction request | Tool=webp | Quality=95 | Mode=quality | Image=test_10_checkerboard_400x400.png
2025/11/11 09:26:04 ❌ AI prediction failed: execute: Python推理失败 (尝试 1/1): exit status 1
2025/11/11 09:26:05 📥 AI prediction request | Tool=webp | Quality=95 | Mode=quality | Image=test_10_checkerboard_400x400.png
2025/11/11 09:26:06 ❌ AI prediction failed: execute: Python推理失败 (尝试 1/1): exit status 1
2025/11/11 09:26:06 📥 AI prediction request | Tool=webp | Quality=95 | Mode=quality | Image=test_10_checkerboard_400x400.png
2025/11/11 09:26:07 ❌ AI prediction failed: execute: Python推理失败 (尝试 1/1): exit status 1
2025/11/11 09:26:07 📥 AI prediction request | Tool=webp | Quality=85 | Mode=balanced | Image=test_10_checkerboard_400x400.png
2025/11/11 09:26:07 ❌ AI prediction failed: execute: Python推理失败 (尝试 1/1): exit status 1
2025/11/11 09:26:08 📥 AI prediction request | Tool=webp | Quality=85 | Mode=balanced | Image=test_10_checkerboard_400x400.png
2025/11/11 09:26:08 ❌ AI prediction failed: execute: Python推理失败 (尝试 1/1): exit status 1
2025/11/11 09:26:09 📥 AI prediction request | Tool=webp | Quality=85 | Mode=balanced | Image=test_10_checkerboard_400x400.png
2025/11/11 09:26:10 ❌ AI prediction failed: execute: Python推理失败 (尝试 1/1): exit status 1
2025/11/11 09:26:10 📥 AI prediction request | Tool=jxl | Quality=85 | Mode=balanced | Image=test_10_checkerboard_400x400.png
2025/11/11 09:26:10 ❌ AI prediction failed: execute: Python推理失败 (尝试 1/1): exit status 1
2025/11/11 09:26:11 📥 AI prediction request | Tool=jxl | Quality=85 | Mode=balanced | Image=test_10_checkerboard_400x400.png
2025/11/11 09:26:11 ❌ AI prediction failed: execute: Python推理失败 (尝试 1/1): exit status 1
2025/11/11 09:26:12 📥 AI prediction request | Tool=jxl | Quality=85 | Mode=balanced | Image=test_10_checkerboard_400x400.png
2025/11/11 09:26:13 ❌ AI prediction failed: execute: Python推理失败 (尝试 1/1): exit status 1
2025/11/11 09:26:13 📥 AI prediction request | Tool=jxl | Quality=95 | Mode=quality | Image=test_10_checkerboard_400x400.png
2025/11/11 09:26:13 ❌ AI prediction failed: execute: Python推理失败 (尝试 1/1): exit status 1
2025/11/11 09:26:14 📥 AI prediction request | Tool=jxl | Quality=95 | Mode=quality | Image=test_10_checkerboard_400x400.png
2025/11/11 09:26:15 ❌ AI prediction failed: execute: Python推理失败 (尝试 1/1): exit status 1
2025/11/11 09:26:15 📥 AI prediction request | Tool=jxl | Quality=95 | Mode=quality | Image=test_10_checkerboard_400x400.png
2025/11/11 09:26:16 ❌ AI prediction failed: execute: Python推理失败 (尝试 1/1): exit status 1
2025/11/11 09:26:16 📥 AI prediction request | Tool=jxl | Quality=95 | Mode=quality | Image=test_10_checkerboard_400x400.png
2025/11/11 09:26:17 ❌ AI prediction failed: execute: Python推理失败 (尝试 1/1): exit status 1
2025/11/11 09:26:17 📥 AI prediction request | Tool=jxl | Quality=95 | Mode=quality | Image=test_10_checkerboard_400x400.png
2025/11/11 09:26:18 ❌ AI prediction failed: execute: Python推理失败 (尝试 1/1): exit status 1
2025/11/11 09:26:18 📥 AI prediction request | Tool=jxl | Quality=95 | Mode=quality | Image=test_10_checkerboard_400x400.png
2025/11/11 09:26:19 ❌ AI prediction failed: execute: Python推理失败 (尝试 1/1): exit status 1
2025/11/11 09:26:19 📥 AI prediction request | Tool=avif | Quality=85 | Mode=balanced | Image=test_11_circle_300x300.png
2025/11/11 09:26:20 ❌ AI prediction failed: execute: Python推理失败 (尝试 1/1): exit status 1
2025/11/11 09:26:20 📥 AI prediction request | Tool=avif | Quality=85 | Mode=balanced | Image=test_11_circle_300x300.png
2025/11/11 09:26:21 ❌ AI prediction failed: execute: Python推理失败 (尝试 1/1): exit status 1
2025/11/11 09:26:21 📥 AI prediction request | Tool=avif | Quality=85 | Mode=balanced | Image=test_11_circle_300x300.png
2025/11/11 09:26:22 ❌ AI prediction failed: execute: Python推理失败 (尝试 1/1): exit status 1
2025/11/11 09:26:22 📥 AI prediction request | Tool=webp | Quality=85 | Mode=balanced | Image=test_11_circle_300x300.png
2025/11/11 09:26:23 ❌ AI prediction failed: execute: Python推理失败 (尝试 1/1): exit status 1
2025/11/11 09:26:23 📥 AI prediction request | Tool=webp | Quality=85 | Mode=balanced | Image=test_11_circle_300x300.png
2025/11/11 09:26:24 ❌ AI prediction failed: execute: Python推理失败 (尝试 1/1): exit status 1
2025/11/11 09:26:25 📥 AI prediction request | Tool=webp | Quality=85 | Mode=balanced | Image=test_11_circle_300x300.png
2025/11/11 09:26:25 ❌ AI prediction failed: execute: Python推理失败 (尝试 1/1): exit status 1
2025/11/11 09:26:25 📥 AI prediction request | Tool=webp | Quality=95 | Mode=quality | Image=test_11_circle_300x300.png
2025/11/11 09:26:26 ❌ AI prediction failed: execute: Python推理失败 (尝试 1/1): exit status 1
2025/11/11 09:26:26 📥 AI prediction request | Tool=webp | Quality=95 | Mode=quality | Image=test_11_circle_300x300.png
2025/11/11 09:26:27 ❌ AI prediction failed: execute: Python推理失败 (尝试 1/1): exit status 1
2025/11/11 09:26:28 📥 AI prediction request | Tool=webp | Quality=95 | Mode=quality | Image=test_11_circle_300x300.png
2025/11/11 09:26:28 ❌ AI prediction failed: execute: Python推理失败 (尝试 1/1): exit status 1
2025/11/11 09:26:28 📥 AI prediction request | Tool=webp | Quality=85 | Mode=balanced | Image=test_11_circle_300x300.png
2025/11/11 09:26:29 ❌ AI prediction failed: execute: Python推理失败 (尝试 1/1): exit status 1
2025/11/11 09:26:29 📥 AI prediction request | Tool=webp | Quality=85 | Mode=balanced | Image=test_11_circle_300x300.png
2025/11/11 09:26:30 ❌ AI prediction failed: execute: Python推理失败 (尝试 1/1): exit status 1
2025/11/11 09:26:31 📥 AI prediction request | Tool=webp | Quality=85 | Mode=balanced | Image=test_11_circle_300x300.png
2025/11/11 09:26:31 ❌ AI prediction failed: execute: Python推理失败 (尝试 1/1): exit status 1
2025/11/11 09:26:32 📥 AI prediction request | Tool=jxl | Quality=85 | Mode=balanced | Image=test_11_circle_300x300.png
2025/11/11 09:26:32 ❌ AI prediction failed: execute: Python推理失败 (尝试 1/1): exit status 1
2025/11/11 09:26:33 📥 AI prediction request | Tool=jxl | Quality=85 | Mode=balanced | Image=test_11_circle_300x300.png
2025/11/11 09:26:33 ❌ AI prediction failed: execute: Python推理失败 (尝试 1/1): exit status 1
2025/11/11 09:26:34 📥 AI prediction request | Tool=jxl | Quality=85 | Mode=balanced | Image=test_11_circle_300x300.png
2025/11/11 09:26:35 ❌ AI prediction failed: execute: Python推理失败 (尝试 1/1): exit status 1
2025/11/11 09:26:35 📥 AI prediction request | Tool=jxl | Quality=95 | Mode=quality | Image=test_11_circle_300x300.png
2025/11/11 09:26:35 ❌ AI prediction failed: execute: Python推理失败 (尝试 1/1): exit status 1
2025/11/11 09:26:36 📥 AI prediction request | Tool=jxl | Quality=95 | Mode=quality | Image=test_11_circle_300x300.png
2025/11/11 09:26:37 ❌ AI prediction failed: execute: Python推理失败 (尝试 1/1): exit status 1
2025/11/11 09:26:37 📥 AI prediction request | Tool=jxl | Quality=95 | Mode=quality | Image=test_11_circle_300x300.png
2025/11/11 09:26:38 ❌ AI prediction failed: execute: Python推理失败 (尝试 1/1): exit status 1
2025/11/11 09:26:38 📥 AI prediction request | Tool=jxl | Quality=95 | Mode=quality | Image=test_11_circle_300x300.png
2025/11/11 09:26:39 ❌ AI prediction failed: execute: Python推理失败 (尝试 1/1): exit status 1
2025/11/11 09:26:39 📥 AI prediction request | Tool=jxl | Quality=95 | Mode=quality | Image=test_11_circle_300x300.png
2025/11/11 09:26:40 ❌ AI prediction failed: execute: Python推理失败 (尝试 1/1): exit status 1
2025/11/11 09:26:41 📥 AI prediction request | Tool=jxl | Quality=95 | Mode=quality | Image=test_11_circle_300x300.png
2025/11/11 09:26:41 ❌ AI prediction failed: execute: Python推理失败 (尝试 1/1): exit status 1
2025/11/11 09:26:41 📥 AI prediction request | Tool=avif | Quality=85 | Mode=balanced | Image=test_12_noise_800x600.png
2025/11/11 09:26:42 ❌ AI prediction failed: execute: Python推理失败 (尝试 1/1): exit status 1
2025/11/11 09:26:43 📥 AI prediction request | Tool=avif | Quality=85 | Mode=balanced | Image=test_12_noise_800x600.png
2025/11/11 09:26:43 ❌ AI prediction failed: execute: Python推理失败 (尝试 1/1): exit status 1
2025/11/11 09:26:44 📥 AI prediction request | Tool=avif | Quality=85 | Mode=balanced | Image=test_12_noise_800x600.png
2025/11/11 09:26:45 ❌ AI prediction failed: execute: Python推理失败 (尝试 1/1): exit status 1
2025/11/11 09:26:45 📥 AI prediction request | Tool=webp | Quality=85 | Mode=balanced | Image=test_12_noise_800x600.png
2025/11/11 09:26:45 ❌ AI prediction failed: execute: Python推理失败 (尝试 1/1): exit status 1
2025/11/11 09:26:46 📥 AI prediction request | Tool=webp | Quality=85 | Mode=balanced | Image=test_12_noise_800x600.png
2025/11/11 09:26:47 ❌ AI prediction failed: execute: Python推理失败 (尝试 1/1): exit status 1
2025/11/11 09:26:47 📥 AI prediction request | Tool=webp | Quality=85 | Mode=balanced | Image=test_12_noise_800x600.png
2025/11/11 09:26:48 ❌ AI prediction failed: execute: Python推理失败 (尝试 1/1): exit status 1
2025/11/11 09:26:48 📥 AI prediction request | Tool=webp | Quality=95 | Mode=quality | Image=test_12_noise_800x600.png
2025/11/11 09:26:48 ❌ AI prediction failed: execute: Python推理失败 (尝试 1/1): exit status 1
2025/11/11 09:26:49 📥 AI prediction request | Tool=webp | Quality=95 | Mode=quality | Image=test_12_noise_800x600.png
2025/11/11 09:26:49 ❌ AI prediction failed: execute: Python推理失败 (尝试 1/1): exit status 1
2025/11/11 09:26:50 📥 AI prediction request | Tool=webp | Quality=95 | Mode=quality | Image=test_12_noise_800x600.png
2025/11/11 09:26:51 ❌ AI prediction failed: execute: Python推理失败 (尝试 1/1): exit status 1
2025/11/11 09:26:51 📥 AI prediction request | Tool=webp | Quality=85 | Mode=balanced | Image=test_12_noise_800x600.png
2025/11/11 09:26:51 ❌ AI prediction failed: execute: Python推理失败 (尝试 1/1): exit status 1
2025/11/11 09:26:52 📥 AI prediction request | Tool=webp | Quality=85 | Mode=balanced | Image=test_12_noise_800x600.png
2025/11/11 09:26:53 ❌ AI prediction failed: execute: Python推理失败 (尝试 1/1): exit status 1
2025/11/11 09:26:53 📥 AI prediction request | Tool=webp | Quality=85 | Mode=balanced | Image=test_12_noise_800x600.png
2025/11/11 09:26:54 ❌ AI prediction failed: execute: Python推理失败 (尝试 1/1): exit status 1
2025/11/11 09:26:54 📥 AI prediction request | Tool=jxl | Quality=85 | Mode=balanced | Image=test_12_noise_800x600.png
2025/11/11 09:26:55 ❌ AI prediction failed: execute: Python推理失败 (尝试 1/1): exit status 1
2025/11/11 09:26:55 📥 AI prediction request | Tool=jxl | Quality=85 | Mode=balanced | Image=test_12_noise_800x600.png
2025/11/11 09:26:56 ❌ AI prediction failed: execute: Python推理失败 (尝试 1/1): exit status 1
2025/11/11 09:26:56 📥 AI prediction request | Tool=jxl | Quality=85 | Mode=balanced | Image=test_12_noise_800x600.png
2025/11/11 09:26:57 ❌ AI prediction failed: execute: Python推理失败 (尝试 1/1): exit status 1
2025/11/11 09:26:57 📥 AI prediction request | Tool=jxl | Quality=95 | Mode=quality | Image=test_12_noise_800x600.png
2025/11/11 09:26:57 ❌ AI prediction failed: execute: Python推理失败 (尝试 1/1): exit status 1
2025/11/11 09:26:58 📥 AI prediction request | Tool=jxl | Quality=95 | Mode=quality | Image=test_12_noise_800x600.png
2025/11/11 09:26:58 ❌ AI prediction failed: execute: Python推理失败 (尝试 1/1): exit status 1
2025/11/11 09:26:59 📥 AI prediction request | Tool=jxl | Quality=95 | Mode=quality | Image=test_12_noise_800x600.png
2025/11/11 09:26:59 ❌ AI prediction failed: execute: Python推理失败 (尝试 1/1): exit status 1
2025/11/11 09:26:59 📥 AI prediction request | Tool=jxl | Quality=95 | Mode=quality | Image=test_12_noise_800x600.png
2025/11/11 09:27:00 ❌ AI prediction failed: execute: Python推理失败 (尝试 1/1): exit status 1
2025/11/11 09:27:01 📥 AI prediction request | Tool=jxl | Quality=95 | Mode=quality | Image=test_12_noise_800x600.png
2025/11/11 09:27:01 ❌ AI prediction failed: execute: Python推理失败 (尝试 1/1): exit status 1
2025/11/11 09:27:02 📥 AI prediction request | Tool=jxl | Quality=95 | Mode=quality | Image=test_12_noise_800x600.png
2025/11/11 09:27:02 ❌ AI prediction failed: execute: Python推理失败 (尝试 1/1): exit status 1
2025/11/11 09:27:02 📥 AI prediction request | Tool=avif | Quality=85 | Mode=balanced | Image=test_13_large_1920x1080.png
2025/11/11 09:27:03 ❌ AI prediction failed: execute: Python推理失败 (尝试 1/1): exit status 1
2025/11/11 09:27:04 📥 AI prediction request | Tool=avif | Quality=85 | Mode=balanced | Image=test_13_large_1920x1080.png
2025/11/11 09:27:04 ❌ AI prediction failed: execute: Python推理失败 (尝试 1/1): exit status 1
2025/11/11 09:27:05 📥 AI prediction request | Tool=avif | Quality=85 | Mode=balanced | Image=test_13_large_1920x1080.png
2025/11/11 09:27:05 ❌ AI prediction failed: execute: Python推理失败 (尝试 1/1): exit status 1
2025/11/11 09:27:05 📥 AI prediction request | Tool=webp | Quality=85 | Mode=balanced | Image=test_13_large_1920x1080.png
2025/11/11 09:27:06 ❌ AI prediction failed: execute: Python推理失败 (尝试 1/1): exit status 1
2025/11/11 09:27:06 📥 AI prediction request | Tool=webp | Quality=85 | Mode=balanced | Image=test_13_large_1920x1080.png
2025/11/11 09:27:07 ❌ AI prediction failed: execute: Python推理失败 (尝试 1/1): exit status 1
2025/11/11 09:27:08 📥 AI prediction request | Tool=webp | Quality=85 | Mode=balanced | Image=test_13_large_1920x1080.png
2025/11/11 09:27:08 ❌ AI prediction failed: execute: Python推理失败 (尝试 1/1): exit status 1
2025/11/11 09:27:08 📥 AI prediction request | Tool=webp | Quality=95 | Mode=quality | Image=test_13_large_1920x1080.png
2025/11/11 09:27:09 ❌ AI prediction failed: execute: Python推理失败 (尝试 1/1): exit status 1
2025/11/11 09:27:09 📥 AI prediction request | Tool=webp | Quality=95 | Mode=quality | Image=test_13_large_1920x1080.png
2025/11/11 09:27:10 ❌ AI prediction failed: execute: Python推理失败 (尝试 1/1): exit status 1
2025/11/11 09:27:10 📥 AI prediction request | Tool=webp | Quality=95 | Mode=quality | Image=test_13_large_1920x1080.png
2025/11/11 09:27:11 ❌ AI prediction failed: execute: Python推理失败 (尝试 1/1): exit status 1
2025/11/11 09:27:11 📥 AI prediction request | Tool=webp | Quality=85 | Mode=balanced | Image=test_13_large_1920x1080.png
2025/11/11 09:27:11 ❌ AI prediction failed: execute: Python推理失败 (尝试 1/1): exit status 1
2025/11/11 09:27:12 📥 AI prediction request | Tool=webp | Quality=85 | Mode=balanced | Image=test_13_large_1920x1080.png
2025/11/11 09:27:13 ❌ AI prediction failed: execute: Python推理失败 (尝试 1/1): exit status 1
2025/11/11 09:27:13 📥 AI prediction request | Tool=webp | Quality=85 | Mode=balanced | Image=test_13_large_1920x1080.png
2025/11/11 09:27:14 ❌ AI prediction failed: execute: Python推理失败 (尝试 1/1): exit status 1
2025/11/11 09:27:14 📥 AI prediction request | Tool=jxl | Quality=85 | Mode=balanced | Image=test_13_large_1920x1080.png
2025/11/11 09:27:14 ❌ AI prediction failed: execute: Python推理失败 (尝试 1/1): exit status 1
2025/11/11 09:27:15 📥 AI prediction request | Tool=jxl | Quality=85 | Mode=balanced | Image=test_13_large_1920x1080.png
2025/11/11 09:27:15 ❌ AI prediction failed: execute: Python推理失败 (尝试 1/1): exit status 1
2025/11/11 09:27:16 📥 AI prediction request | Tool=jxl | Quality=85 | Mode=balanced | Image=test_13_large_1920x1080.png
2025/11/11 09:27:17 ❌ AI prediction failed: execute: Python推理失败 (尝试 1/1): exit status 1
2025/11/11 09:27:17 📥 AI prediction request | Tool=jxl | Quality=95 | Mode=quality | Image=test_13_large_1920x1080.png
2025/11/11 09:27:17 ❌ AI prediction failed: execute: Python推理失败 (尝试 1/1): exit status 1
2025/11/11 09:27:18 📥 AI prediction request | Tool=jxl | Quality=95 | Mode=quality | Image=test_13_large_1920x1080.png
2025/11/11 09:27:19 ❌ AI prediction failed: execute: Python推理失败 (尝试 1/1): exit status 1
2025/11/11 09:27:19 📥 AI prediction request | Tool=jxl | Quality=95 | Mode=quality | Image=test_13_large_1920x1080.png
2025/11/11 09:27:20 ❌ AI prediction failed: execute: Python推理失败 (尝试 1/1): exit status 1
2025/11/11 09:27:20 📥 AI prediction request | Tool=jxl | Quality=95 | Mode=quality | Image=test_13_large_1920x1080.png
2025/11/11 09:27:20 ❌ AI prediction failed: execute: Python推理失败 (尝试 1/1): exit status 1
2025/11/11 09:27:21 📥 AI prediction request | Tool=jxl | Quality=95 | Mode=quality | Image=test_13_large_1920x1080.png
2025/11/11 09:27:21 ❌ AI prediction failed: execute: Python推理失败 (尝试 1/1): exit status 1
2025/11/11 09:27:22 📥 AI prediction request | Tool=jxl | Quality=95 | Mode=quality | Image=test_13_large_1920x1080.png
2025/11/11 09:27:22 ❌ AI prediction failed: execute: Python推理失败 (尝试 1/1): exit status 1
2025/11/11 09:27:23 📥 AI prediction request | Tool=avif | Quality=85 | Mode=balanced | Image=test_14_small_complex_200x200.png
2025/11/11 09:27:23 ❌ AI prediction failed: execute: Python推理失败 (尝试 1/1): exit status 1
2025/11/11 09:27:24 📥 AI prediction request | Tool=avif | Quality=85 | Mode=balanced | Image=test_14_small_complex_200x200.png
2025/11/11 09:27:24 ❌ AI prediction failed: execute: Python推理失败 (尝试 1/1): exit status 1
2025/11/11 09:27:25 📥 AI prediction request | Tool=avif | Quality=85 | Mode=balanced | Image=test_14_small_complex_200x200.png
2025/11/11 09:27:25 ❌ AI prediction failed: execute: Python推理失败 (尝试 1/1): exit status 1
2025/11/11 09:27:25 📥 AI prediction request | Tool=webp | Quality=85 | Mode=balanced | Image=test_14_small_complex_200x200.png
2025/11/11 09:27:26 ❌ AI prediction failed: execute: Python推理失败 (尝试 1/1): exit status 1
2025/11/11 09:27:26 📥 AI prediction request | Tool=webp | Quality=85 | Mode=balanced | Image=test_14_small_complex_200x200.png
2025/11/11 09:27:27 ❌ AI prediction failed: execute: Python推理失败 (尝试 1/1): exit status 1
2025/11/11 09:27:28 📥 AI prediction request | Tool=webp | Quality=85 | Mode=balanced | Image=test_14_small_complex_200x200.png
2025/11/11 09:27:28 ❌ AI prediction failed: execute: Python推理失败 (尝试 1/1): exit status 1
2025/11/11 09:27:28 📥 AI prediction request | Tool=webp | Quality=95 | Mode=quality | Image=test_14_small_complex_200x200.png
2025/11/11 09:27:29 ❌ AI prediction failed: execute: Python推理失败 (尝试 1/1): exit status 1
2025/11/11 09:27:29 📥 AI prediction request | Tool=webp | Quality=95 | Mode=quality | Image=test_14_small_complex_200x200.png
2025/11/11 09:27:30 ❌ AI prediction failed: execute: Python推理失败 (尝试 1/1): exit status 1
2025/11/11 09:27:30 📥 AI prediction request | Tool=webp | Quality=95 | Mode=quality | Image=test_14_small_complex_200x200.png
2025/11/11 09:27:31 ❌ AI prediction failed: execute: Python推理失败 (尝试 1/1): exit status 1
2025/11/11 09:27:31 📥 AI prediction request | Tool=webp | Quality=85 | Mode=balanced | Image=test_14_small_complex_200x200.png
2025/11/11 09:27:32 ❌ AI prediction failed: execute: Python推理失败 (尝试 1/1): exit status 1
2025/11/11 09:27:32 📥 AI prediction request | Tool=webp | Quality=85 | Mode=balanced | Image=test_14_small_complex_200x200.png
2025/11/11 09:27:33 ❌ AI prediction failed: execute: Python推理失败 (尝试 1/1): exit status 1
2025/11/11 09:27:33 📥 AI prediction request | Tool=webp | Quality=85 | Mode=balanced | Image=test_14_small_complex_200x200.png
2025/11/11 09:27:34 ❌ AI prediction failed: execute: Python推理失败 (尝试 1/1): exit status 1
2025/11/11 09:27:34 📥 AI prediction request | Tool=jxl | Quality=85 | Mode=balanced | Image=test_14_small_complex_200x200.png
2025/11/11 09:27:35 ❌ AI prediction failed: execute: Python推理失败 (尝试 1/1): exit status 1
2025/11/11 09:27:35 📥 AI prediction request | Tool=jxl | Quality=85 | Mode=balanced | Image=test_14_small_complex_200x200.png
2025/11/11 09:27:36 ❌ AI prediction failed: execute: Python推理失败 (尝试 1/1): exit status 1
2025/11/11 09:27:36 📥 AI prediction request | Tool=jxl | Quality=85 | Mode=balanced | Image=test_14_small_complex_200x200.png
2025/11/11 09:27:37 ❌ AI prediction failed: execute: Python推理失败 (尝试 1/1): exit status 1
2025/11/11 09:27:37 📥 AI prediction request | Tool=jxl | Quality=95 | Mode=quality | Image=test_14_small_complex_200x200.png
2025/11/11 09:27:37 ❌ AI prediction failed: execute: Python推理失败 (尝试 1/1): exit status 1
2025/11/11 09:27:38 📥 AI prediction request | Tool=jxl | Quality=95 | Mode=quality | Image=test_14_small_complex_200x200.png
2025/11/11 09:27:39 ❌ AI prediction failed: execute: Python推理失败 (尝试 1/1): exit status 1
2025/11/11 09:27:39 📥 AI prediction request | Tool=jxl | Quality=95 | Mode=quality | Image=test_14_small_complex_200x200.png
2025/11/11 09:27:40 ❌ AI prediction failed: execute: Python推理失败 (尝试 1/1): exit status 1
2025/11/11 09:27:40 📥 AI prediction request | Tool=jxl | Quality=95 | Mode=quality | Image=test_14_small_complex_200x200.png
2025/11/11 09:27:40 ❌ AI prediction failed: execute: Python推理失败 (尝试 1/1): exit status 1
2025/11/11 09:27:41 📥 AI prediction request | Tool=jxl | Quality=95 | Mode=quality | Image=test_14_small_complex_200x200.png
2025/11/11 09:27:42 ❌ AI prediction failed: execute: Python推理失败 (尝试 1/1): exit status 1
2025/11/11 09:27:42 📥 AI prediction request | Tool=jxl | Quality=95 | Mode=quality | Image=test_14_small_complex_200x200.png
2025/11/11 09:27:43 ❌ AI prediction failed: execute: Python推理失败 (尝试 1/1): exit status 1
2025/11/11 09:27:43 📥 AI prediction request | Tool=avif | Quality=85 | Mode=balanced | Image=test_15_tiny_50x50.png
2025/11/11 09:27:43 ❌ AI prediction failed: execute: Python推理失败 (尝试 1/1): exit status 1
2025/11/11 09:27:44 📥 AI prediction request | Tool=avif | Quality=85 | Mode=balanced | Image=test_15_tiny_50x50.png
2025/11/11 09:27:45 ❌ AI prediction failed: execute: Python推理失败 (尝试 1/1): exit status 1
2025/11/11 09:27:45 📥 AI prediction request | Tool=avif | Quality=85 | Mode=balanced | Image=test_15_tiny_50x50.png
2025/11/11 09:27:46 ❌ AI prediction failed: execute: Python推理失败 (尝试 1/1): exit status 1
2025/11/11 09:27:46 📥 AI prediction request | Tool=webp | Quality=85 | Mode=balanced | Image=test_15_tiny_50x50.png
2025/11/11 09:27:46 ❌ AI prediction failed: execute: Python推理失败 (尝试 1/1): exit status 1
2025/11/11 09:27:47 📥 AI prediction request | Tool=webp | Quality=85 | Mode=balanced | Image=test_15_tiny_50x50.png
2025/11/11 09:27:47 ❌ AI prediction failed: execute: Python推理失败 (尝试 1/1): exit status 1
2025/11/11 09:27:48 📥 AI prediction request | Tool=webp | Quality=85 | Mode=balanced | Image=test_15_tiny_50x50.png
2025/11/11 09:27:48 ❌ AI prediction failed: execute: Python推理失败 (尝试 1/1): exit status 1
2025/11/11 09:27:48 📥 AI prediction request | Tool=webp | Quality=95 | Mode=quality | Image=test_15_tiny_50x50.png
2025/11/11 09:27:49 ❌ AI prediction failed: execute: Python推理失败 (尝试 1/1): exit status 1
2025/11/11 09:27:49 📥 AI prediction request | Tool=webp | Quality=95 | Mode=quality | Image=test_15_tiny_50x50.png
2025/11/11 09:27:50 ❌ AI prediction failed: execute: Python推理失败 (尝试 1/1): exit status 1
2025/11/11 09:27:51 📥 AI prediction request | Tool=webp | Quality=95 | Mode=quality | Image=test_15_tiny_50x50.png
2025/11/11 09:27:51 ❌ AI prediction failed: execute: Python推理失败 (尝试 1/1): exit status 1
2025/11/11 09:27:51 📥 AI prediction request | Tool=webp | Quality=85 | Mode=balanced | Image=test_15_tiny_50x50.png
2025/11/11 09:27:52 ❌ AI prediction failed: execute: Python推理失败 (尝试 1/1): exit status 1
2025/11/11 09:27:52 📥 AI prediction request | Tool=webp | Quality=85 | Mode=balanced | Image=test_15_tiny_50x50.png
2025/11/11 09:27:53 ❌ AI prediction failed: execute: Python推理失败 (尝试 1/1): exit status 1
2025/11/11 09:27:53 📥 AI prediction request | Tool=webp | Quality=85 | Mode=balanced | Image=test_15_tiny_50x50.png
2025/11/11 09:27:54 ❌ AI prediction failed: execute: Python推理失败 (尝试 1/1): exit status 1
2025/11/11 09:27:54 📥 AI prediction request | Tool=jxl | Quality=85 | Mode=balanced | Image=test_15_tiny_50x50.png
2025/11/11 09:27:55 ❌ AI prediction failed: execute: Python推理失败 (尝试 1/1): exit status 1
2025/11/11 09:27:55 📥 AI prediction request | Tool=jxl | Quality=85 | Mode=balanced | Image=test_15_tiny_50x50.png
2025/11/11 09:27:56 ❌ AI prediction failed: execute: Python推理失败 (尝试 1/1): exit status 1
2025/11/11 09:27:56 📥 AI prediction request | Tool=jxl | Quality=85 | Mode=balanced | Image=test_15_tiny_50x50.png
2025/11/11 09:27:57 ❌ AI prediction failed: execute: Python推理失败 (尝试 1/1): exit status 1
2025/11/11 09:27:57 📥 AI prediction request | Tool=jxl | Quality=95 | Mode=quality | Image=test_15_tiny_50x50.png
2025/11/11 09:27:57 ❌ AI prediction failed: execute: Python推理失败 (尝试 1/1): exit status 1
2025/11/11 09:27:58 📥 AI prediction request | Tool=jxl | Quality=95 | Mode=quality | Image=test_15_tiny_50x50.png
2025/11/11 09:27:58 ❌ AI prediction failed: execute: Python推理失败 (尝试 1/1): exit status 1
2025/11/11 09:27:59 📥 AI prediction request | Tool=jxl | Quality=95 | Mode=quality | Image=test_15_tiny_50x50.png
2025/11/11 09:27:59 ❌ AI prediction failed: execute: Python推理失败 (尝试 1/1): exit status 1
2025/11/11 09:27:59 📥 AI prediction request | Tool=jxl | Quality=95 | Mode=quality | Image=test_15_tiny_50x50.png
2025/11/11 09:28:00 ❌ AI prediction failed: execute: Python推理失败 (尝试 1/1): exit status 1
2025/11/11 09:28:01 📥 AI prediction request | Tool=jxl | Quality=95 | Mode=quality | Image=test_15_tiny_50x50.png
2025/11/11 09:28:01 ❌ AI prediction failed: execute: Python推理失败 (尝试 1/1): exit status 1
2025/11/11 09:28:02 📥 AI prediction request | Tool=jxl | Quality=95 | Mode=quality | Image=test_15_tiny_50x50.png
2025/11/11 09:28:02 ❌ AI prediction failed: execute: Python推理失败 (尝试 1/1): exit status 1
2025/11/11 09:30:48 📥 AI prediction request | Tool=avif | Quality=85 | Mode=balanced | Image=/tmp/pixly_deep_test/test_01_red_100x100.png
2025/11/11 09:30:49 ✅ AI prediction succeeded | Q=85 d=0.5 | Confidence=0.85 | Time=1156ms
📤 [DEBUG] Sending response:
{
  "success": true,
  "params": {
    "quality": 85,
    "distance": 0.5,
    "effort": 0,
    "quantizer": 15,
    "speed": 6,
    "method": 0,
    "confidence": 0.85
  },
  "confidence": 0.85,
  "recommended_format": "webp",
  "format_reason": "插图推荐WebP，色块压缩效率高",
  "time_ms": 1156
}
2025/11/11 09:31:01 📥 AI prediction request | Tool=avif | Quality=85 | Mode=balanced | Image=/tmp/pixly_deep_test/test_01_red_100x100.png
2025/11/11 09:31:02 ✅ AI prediction succeeded | Q=85 d=0.5 | Confidence=0.85 | Time=1198ms
📤 [DEBUG] Sending response:
{
  "success": true,
  "params": {
    "quality": 85,
    "distance": 0.5,
    "effort": 0,
    "quantizer": 15,
    "speed": 6,
    "method": 0,
    "confidence": 0.85
  },
  "confidence": 0.85,
  "recommended_format": "webp",
  "format_reason": "插图推荐WebP，色块压缩效率高",
  "time_ms": 1198
}
2025/11/11 09:31:02 📥 AI prediction request | Tool=avif | Quality=95 | Mode=quality | Image=/tmp/pixly_deep_test/test_01_red_100x100.png
2025/11/11 09:31:03 ✅ AI prediction succeeded | Q=95 d=0.2 | Confidence=0.85 | Time=559ms
📤 [DEBUG] Sending response:
{
  "success": true,
  "params": {
    "quality": 95,
    "distance": 0.2,
    "effort": 0,
    "quantizer": 15,
    "speed": 6,
    "method": 0,
    "confidence": 0.85
  },
  "confidence": 0.85,
  "recommended_format": "webp",
  "format_reason": "插图推荐WebP，色块压缩效率高",
  "time_ms": 559
}
2025/11/11 09:31:03 📥 AI prediction request | Tool=avif | Quality=85 | Mode=balanced | Image=/tmp/pixly_deep_test/test_01_red_100x100.png
2025/11/11 09:31:04 ✅ AI prediction succeeded | Q=85 d=0.5 | Confidence=0.85 | Time=579ms
📤 [DEBUG] Sending response:
{
  "success": true,
  "params": {
    "quality": 85,
    "distance": 0.5,
    "effort": 0,
    "quantizer": 15,
    "speed": 6,
    "method": 0,
    "confidence": 0.85
  },
  "confidence": 0.85,
  "recommended_format": "webp",
  "format_reason": "插图推荐WebP，色块压缩效率高",
  "time_ms": 579
}
2025/11/11 09:31:30 📥 AI prediction request | Tool=avif | Quality=85 | Mode=balanced | Image=test_01_red_100x100.png
2025/11/11 09:31:31 ❌ AI prediction failed: execute: Python推理失败 (尝试 1/1): exit status 1
2025/11/11 09:31:32 📥 AI prediction request | Tool=avif | Quality=85 | Mode=balanced | Image=test_01_red_100x100.png
2025/11/11 09:31:32 ❌ AI prediction failed: execute: Python推理失败 (尝试 1/1): exit status 1
2025/11/11 09:31:33 📥 AI prediction request | Tool=avif | Quality=85 | Mode=balanced | Image=test_01_red_100x100.png
2025/11/11 09:31:33 ❌ AI prediction failed: execute: Python推理失败 (尝试 1/1): exit status 1
2025/11/11 09:31:33 📥 AI prediction request | Tool=avif | Quality=95 | Mode=quality | Image=test_01_red_100x100.png
2025/11/11 09:31:34 ❌ AI prediction failed: execute: Python推理失败 (尝试 1/1): exit status 1
2025/11/11 09:31:34 📥 AI prediction request | Tool=avif | Quality=95 | Mode=quality | Image=test_01_red_100x100.png
2025/11/11 09:31:35 ❌ AI prediction failed: execute: Python推理失败 (尝试 1/1): exit status 1
2025/11/11 09:31:35 📥 AI prediction request | Tool=avif | Quality=95 | Mode=quality | Image=test_01_red_100x100.png
2025/11/11 09:31:36 ❌ AI prediction failed: execute: Python推理失败 (尝试 1/1): exit status 1
2025/11/11 09:31:36 📥 AI prediction request | Tool=avif | Quality=85 | Mode=balanced | Image=test_01_red_100x100.png
2025/11/11 09:31:37 ❌ AI prediction failed: execute: Python推理失败 (尝试 1/1): exit status 1
2025/11/11 09:31:37 📥 AI prediction request | Tool=avif | Quality=85 | Mode=balanced | Image=test_01_red_100x100.png
2025/11/11 09:31:38 ❌ AI prediction failed: execute: Python推理失败 (尝试 1/1): exit status 1
2025/11/11 09:31:38 📥 AI prediction request | Tool=avif | Quality=85 | Mode=balanced | Image=test_01_red_100x100.png
2025/11/11 09:31:39 ❌ AI prediction failed: execute: Python推理失败 (尝试 1/1): exit status 1
2025/11/11 09:31:39 📥 AI prediction request | Tool=avif | Quality=85 | Mode=balanced | Image=test_02_blue_100x100.png
2025/11/11 09:31:39 ❌ AI prediction failed: execute: Python推理失败 (尝试 1/1): exit status 1
2025/11/11 09:31:40 📥 AI prediction request | Tool=avif | Quality=85 | Mode=balanced | Image=test_02_blue_100x100.png
2025/11/11 09:31:40 ❌ AI prediction failed: execute: Python推理失败 (尝试 1/1): exit status 1
2025/11/11 09:31:41 📥 AI prediction request | Tool=avif | Quality=85 | Mode=balanced | Image=test_02_blue_100x100.png
2025/11/11 09:31:42 ❌ AI prediction failed: execute: Python推理失败 (尝试 1/1): exit status 1
2025/11/11 09:31:42 📥 AI prediction request | Tool=avif | Quality=95 | Mode=quality | Image=test_02_blue_100x100.png
2025/11/11 09:31:42 ❌ AI prediction failed: execute: Python推理失败 (尝试 1/1): exit status 1
2025/11/11 09:31:43 📥 AI prediction request | Tool=avif | Quality=95 | Mode=quality | Image=test_02_blue_100x100.png
2025/11/11 09:31:43 ❌ AI prediction failed: execute: Python推理失败 (尝试 1/1): exit status 1
2025/11/11 09:31:44 📥 AI prediction request | Tool=avif | Quality=95 | Mode=quality | Image=test_02_blue_100x100.png
2025/11/11 09:31:44 ❌ AI prediction failed: execute: Python推理失败 (尝试 1/1): exit status 1
2025/11/11 09:31:44 📥 AI prediction request | Tool=avif | Quality=85 | Mode=balanced | Image=test_02_blue_100x100.png
2025/11/11 09:31:45 ❌ AI prediction failed: execute: Python推理失败 (尝试 1/1): exit status 1
2025/11/11 09:31:46 📥 AI prediction request | Tool=avif | Quality=85 | Mode=balanced | Image=test_02_blue_100x100.png
2025/11/11 09:31:46 ❌ AI prediction failed: execute: Python推理失败 (尝试 1/1): exit status 1
2025/11/11 09:31:47 📥 AI prediction request | Tool=avif | Quality=85 | Mode=balanced | Image=test_02_blue_100x100.png
2025/11/11 09:31:48 ❌ AI prediction failed: execute: Python推理失败 (尝试 1/1): exit status 1
2025/11/11 09:31:48 📥 AI prediction request | Tool=avif | Quality=85 | Mode=balanced | Image=test_03_green_100x100.png
2025/11/11 09:31:49 ❌ AI prediction failed: execute: Python推理失败 (尝试 1/1): exit status 1
2025/11/11 09:31:49 📥 AI prediction request | Tool=avif | Quality=85 | Mode=balanced | Image=test_03_green_100x100.png
2025/11/11 09:31:50 ❌ AI prediction failed: execute: Python推理失败 (尝试 1/1): exit status 1
2025/11/11 09:31:51 📥 AI prediction request | Tool=avif | Quality=85 | Mode=balanced | Image=test_03_green_100x100.png
2025/11/11 09:31:51 ❌ AI prediction failed: execute: Python推理失败 (尝试 1/1): exit status 1
2025/11/11 09:31:51 📥 AI prediction request | Tool=avif | Quality=95 | Mode=quality | Image=test_03_green_100x100.png
2025/11/11 09:31:52 ❌ AI prediction failed: execute: Python推理失败 (尝试 1/1): exit status 1
2025/11/11 09:31:52 📥 AI prediction request | Tool=avif | Quality=95 | Mode=quality | Image=test_03_green_100x100.png
2025/11/11 09:31:53 ❌ AI prediction failed: execute: Python推理失败 (尝试 1/1): exit status 1
2025/11/11 09:31:54 📥 AI prediction request | Tool=avif | Quality=95 | Mode=quality | Image=test_03_green_100x100.png
2025/11/11 09:31:54 ❌ AI prediction failed: execute: Python推理失败 (尝试 1/1): exit status 1
2025/11/11 09:31:54 📥 AI prediction request | Tool=avif | Quality=85 | Mode=balanced | Image=test_03_green_100x100.png
2025/11/11 09:31:55 ❌ AI prediction failed: execute: Python推理失败 (尝试 1/1): exit status 1
2025/11/11 09:31:55 📥 AI prediction request | Tool=avif | Quality=85 | Mode=balanced | Image=test_03_green_100x100.png
2025/11/11 09:31:56 ❌ AI prediction failed: execute: Python推理失败 (尝试 1/1): exit status 1
2025/11/11 09:31:56 📥 AI prediction request | Tool=avif | Quality=85 | Mode=balanced | Image=test_03_green_100x100.png
2025/11/11 09:31:57 ❌ AI prediction failed: execute: Python推理失败 (尝试 1/1): exit status 1
2025/11/11 09:31:57 📥 AI prediction request | Tool=avif | Quality=85 | Mode=balanced | Image=test_04_gradient_400x300.png
2025/11/11 09:31:58 ❌ AI prediction failed: execute: Python推理失败 (尝试 1/1): exit status 1
2025/11/11 09:31:58 📥 AI prediction request | Tool=avif | Quality=85 | Mode=balanced | Image=test_04_gradient_400x300.png
2025/11/11 09:31:59 ❌ AI prediction failed: execute: Python推理失败 (尝试 1/1): exit status 1
2025/11/11 09:32:00 📥 AI prediction request | Tool=avif | Quality=85 | Mode=balanced | Image=test_04_gradient_400x300.png
2025/11/11 09:32:00 ❌ AI prediction failed: execute: Python推理失败 (尝试 1/1): exit status 1
2025/11/11 09:32:00 📥 AI prediction request | Tool=avif | Quality=95 | Mode=quality | Image=test_04_gradient_400x300.png
2025/11/11 09:32:01 ❌ AI prediction failed: execute: Python推理失败 (尝试 1/1): exit status 1
2025/11/11 09:32:01 📥 AI prediction request | Tool=avif | Quality=95 | Mode=quality | Image=test_04_gradient_400x300.png
2025/11/11 09:32:02 ❌ AI prediction failed: execute: Python推理失败 (尝试 1/1): exit status 1
2025/11/11 09:32:02 📥 AI prediction request | Tool=avif | Quality=95 | Mode=quality | Image=test_04_gradient_400x300.png
2025/11/11 09:32:03 ❌ AI prediction failed: execute: Python推理失败 (尝试 1/1): exit status 1
2025/11/11 09:32:03 📥 AI prediction request | Tool=avif | Quality=85 | Mode=balanced | Image=test_04_gradient_400x300.png
2025/11/11 09:32:04 ❌ AI prediction failed: execute: Python推理失败 (尝试 1/1): exit status 1
2025/11/11 09:32:04 📥 AI prediction request | Tool=avif | Quality=85 | Mode=balanced | Image=test_04_gradient_400x300.png
2025/11/11 09:32:05 ❌ AI prediction failed: execute: Python推理失败 (尝试 1/1): exit status 1
2025/11/11 09:32:05 📥 AI prediction request | Tool=avif | Quality=85 | Mode=balanced | Image=test_04_gradient_400x300.png
2025/11/11 09:32:06 ❌ AI prediction failed: execute: Python推理失败 (尝试 1/1): exit status 1
2025/11/11 09:32:06 📥 AI prediction request | Tool=avif | Quality=85 | Mode=balanced | Image=test_05_gradient2_400x300.png
2025/11/11 09:32:07 ❌ AI prediction failed: execute: Python推理失败 (尝试 1/1): exit status 1
2025/11/11 09:32:07 📥 AI prediction request | Tool=avif | Quality=85 | Mode=balanced | Image=test_05_gradient2_400x300.png
2025/11/11 09:32:08 ❌ AI prediction failed: execute: Python推理失败 (尝试 1/1): exit status 1
2025/11/11 09:32:08 📥 AI prediction request | Tool=avif | Quality=85 | Mode=balanced | Image=test_05_gradient2_400x300.png
2025/11/11 09:32:09 ❌ AI prediction failed: execute: Python推理失败 (尝试 1/1): exit status 1
2025/11/11 09:32:09 📥 AI prediction request | Tool=avif | Quality=95 | Mode=quality | Image=test_05_gradient2_400x300.png
2025/11/11 09:32:10 ❌ AI prediction failed: execute: Python推理失败 (尝试 1/1): exit status 1
2025/11/11 09:32:10 📥 AI prediction request | Tool=avif | Quality=95 | Mode=quality | Image=test_05_gradient2_400x300.png
2025/11/11 09:32:11 ❌ AI prediction failed: execute: Python推理失败 (尝试 1/1): exit status 1
2025/11/11 09:32:11 📥 AI prediction request | Tool=avif | Quality=95 | Mode=quality | Image=test_05_gradient2_400x300.png
2025/11/11 09:32:12 ❌ AI prediction failed: execute: Python推理失败 (尝试 1/1): exit status 1
2025/11/11 09:32:12 📥 AI prediction request | Tool=avif | Quality=85 | Mode=balanced | Image=test_05_gradient2_400x300.png
2025/11/11 09:32:13 ❌ AI prediction failed: execute: Python推理失败 (尝试 1/1): exit status 1
2025/11/11 09:32:13 📥 AI prediction request | Tool=avif | Quality=85 | Mode=balanced | Image=test_05_gradient2_400x300.png
2025/11/11 09:32:14 ❌ AI prediction failed: execute: Python推理失败 (尝试 1/1): exit status 1
2025/11/11 09:32:15 📥 AI prediction request | Tool=avif | Quality=85 | Mode=balanced | Image=test_05_gradient2_400x300.png
2025/11/11 09:32:16 ❌ AI prediction failed: execute: Python推理失败 (尝试 1/1): exit status 1
2025/11/11 09:32:34 📥 AI prediction request | Tool=avif | Quality=85 | Mode=balanced | Image=test_01_red_100x100.png
2025/11/11 09:32:35 ❌ AI prediction failed: execute: Python推理失败 (尝试 1/1): exit status 1
2025/11/11 09:32:35 📥 AI prediction request | Tool=avif | Quality=85 | Mode=balanced | Image=test_01_red_100x100.png
2025/11/11 09:32:36 ❌ AI prediction failed: execute: Python推理失败 (尝试 1/1): exit status 1
2025/11/11 09:32:37 📥 AI prediction request | Tool=avif | Quality=85 | Mode=balanced | Image=test_01_red_100x100.png
2025/11/11 09:32:37 ❌ AI prediction failed: execute: Python推理失败 (尝试 1/1): exit status 1
2025/11/11 09:35:57 📥 AI prediction request | Tool=avif | Quality=85 | Mode=balanced | Image=/tmp/pixly_deep_test/test_01_red_100x100.png
2025/11/11 09:35:58 ✅ AI prediction succeeded | Q=85 d=0.5 | Confidence=0.85 | Time=1184ms
📤 [DEBUG] Sending response:
{
  "success": true,
  "params": {
    "quality": 85,
    "distance": 0.5,
    "effort": 0,
    "quantizer": 15,
    "speed": 6,
    "method": 0,
    "confidence": 0.85
  },
  "confidence": 0.85,
  "recommended_format": "webp",
  "format_reason": "插图推荐WebP，色块压缩效率高",
  "time_ms": 1184
}
2025/11/11 09:35:58 📥 AI prediction request | Tool=avif | Quality=95 | Mode=quality | Image=/tmp/pixly_deep_test/test_01_red_100x100.png
2025/11/11 09:35:59 ✅ AI prediction succeeded | Q=95 d=0.2 | Confidence=0.85 | Time=526ms
📤 [DEBUG] Sending response:
{
  "success": true,
  "params": {
    "quality": 95,
    "distance": 0.2,
    "effort": 0,
    "quantizer": 15,
    "speed": 6,
    "method": 0,
    "confidence": 0.85
  },
  "confidence": 0.85,
  "recommended_format": "webp",
  "format_reason": "插图推荐WebP，色块压缩效率高",
  "time_ms": 526
}
2025/11/11 09:35:59 📥 AI prediction request | Tool=avif | Quality=85 | Mode=balanced | Image=/tmp/pixly_deep_test/test_01_red_100x100.png
2025/11/11 09:35:59 ✅ AI prediction succeeded | Q=85 d=0.5 | Confidence=0.85 | Time=535ms
📤 [DEBUG] Sending response:
{
  "success": true,
  "params": {
    "quality": 85,
    "distance": 0.5,
    "effort": 0,
    "quantizer": 15,
    "speed": 6,
    "method": 0,
    "confidence": 0.85
  },
  "confidence": 0.85,
  "recommended_format": "webp",
  "format_reason": "插图推荐WebP，色块压缩效率高",
  "time_ms": 535
}
2025/11/11 09:36:24 📥 AI prediction request | Tool=avif | Quality=85 | Mode=balanced | Image=test_01_red_100x100.png
2025/11/11 09:36:25 ❌ AI prediction failed: execute: Python推理失败 (尝试 1/1): exit status 1
2025/11/11 09:36:26 📥 AI prediction request | Tool=avif | Quality=85 | Mode=balanced | Image=test_01_red_100x100.png
2025/11/11 09:36:26 ❌ AI prediction failed: execute: Python推理失败 (尝试 1/1): exit status 1
2025/11/11 09:36:27 📥 AI prediction request | Tool=avif | Quality=85 | Mode=balanced | Image=test_01_red_100x100.png
2025/11/11 09:36:27 ❌ AI prediction failed: execute: Python推理失败 (尝试 1/1): exit status 1
2025/11/11 09:36:28 📥 AI prediction request | Tool=avif | Quality=95 | Mode=quality | Image=test_01_red_100x100.png
2025/11/11 09:36:28 ❌ AI prediction failed: execute: Python推理失败 (尝试 1/1): exit status 1
2025/11/11 09:36:28 📥 AI prediction request | Tool=avif | Quality=95 | Mode=quality | Image=test_01_red_100x100.png
2025/11/11 09:36:29 ❌ AI prediction failed: execute: Python推理失败 (尝试 1/1): exit status 1
2025/11/11 09:36:30 📥 AI prediction request | Tool=avif | Quality=95 | Mode=quality | Image=test_01_red_100x100.png
2025/11/11 09:36:30 ❌ AI prediction failed: execute: Python推理失败 (尝试 1/1): exit status 1
2025/11/11 09:36:30 📥 AI prediction request | Tool=avif | Quality=85 | Mode=balanced | Image=test_01_red_100x100.png
2025/11/11 09:36:31 ❌ AI prediction failed: execute: Python推理失败 (尝试 1/1): exit status 1
2025/11/11 09:36:31 📥 AI prediction request | Tool=avif | Quality=85 | Mode=balanced | Image=test_01_red_100x100.png
2025/11/11 09:36:32 ❌ AI prediction failed: execute: Python推理失败 (尝试 1/1): exit status 1
2025/11/11 09:36:32 📥 AI prediction request | Tool=avif | Quality=85 | Mode=balanced | Image=test_01_red_100x100.png
2025/11/11 09:36:33 ❌ AI prediction failed: execute: Python推理失败 (尝试 1/1): exit status 1
2025/11/11 09:36:33 📥 AI prediction request | Tool=avif | Quality=85 | Mode=balanced | Image=test_01_red_100x100.png
2025/11/11 09:36:34 ❌ AI prediction failed: execute: Python推理失败 (尝试 1/1): exit status 1
2025/11/11 09:36:34 📥 AI prediction request | Tool=avif | Quality=85 | Mode=balanced | Image=test_01_red_100x100.png
2025/11/11 09:36:35 ❌ AI prediction failed: execute: Python推理失败 (尝试 1/1): exit status 1
2025/11/11 09:36:35 📥 AI prediction request | Tool=avif | Quality=85 | Mode=balanced | Image=test_01_red_100x100.png
2025/11/11 09:36:36 ❌ AI prediction failed: execute: Python推理失败 (尝试 1/1): exit status 1
2025/11/11 09:36:36 📥 AI prediction request | Tool=avif | Quality=95 | Mode=quality | Image=test_01_red_100x100.png
2025/11/11 09:36:36 ❌ AI prediction failed: execute: Python推理失败 (尝试 1/1): exit status 1
2025/11/11 09:36:37 📥 AI prediction request | Tool=avif | Quality=95 | Mode=quality | Image=test_01_red_100x100.png
2025/11/11 09:36:37 ❌ AI prediction failed: execute: Python推理失败 (尝试 1/1): exit status 1
2025/11/11 09:36:38 📥 AI prediction request | Tool=avif | Quality=95 | Mode=quality | Image=test_01_red_100x100.png
2025/11/11 09:36:38 ❌ AI prediction failed: execute: Python推理失败 (尝试 1/1): exit status 1
2025/11/11 09:36:38 📥 AI prediction request | Tool=avif | Quality=85 | Mode=balanced | Image=test_01_red_100x100.png
2025/11/11 09:36:39 ❌ AI prediction failed: execute: Python推理失败 (尝试 1/1): exit status 1
2025/11/11 09:36:39 📥 AI prediction request | Tool=avif | Quality=85 | Mode=balanced | Image=test_01_red_100x100.png
2025/11/11 09:36:40 ❌ AI prediction failed: execute: Python推理失败 (尝试 1/1): exit status 1
2025/11/11 09:36:41 📥 AI prediction request | Tool=avif | Quality=85 | Mode=balanced | Image=test_01_red_100x100.png
2025/11/11 09:36:41 ❌ AI prediction failed: execute: Python推理失败 (尝试 1/1): exit status 1
2025/11/11 09:36:41 📥 AI prediction request | Tool=avif | Quality=85 | Mode=balanced | Image=test_01_red_100x100.png
2025/11/11 09:36:42 ❌ AI prediction failed: execute: Python推理失败 (尝试 1/1): exit status 1
2025/11/11 09:36:42 📥 AI prediction request | Tool=avif | Quality=85 | Mode=balanced | Image=test_01_red_100x100.png
2025/11/11 09:36:43 ❌ AI prediction failed: execute: Python推理失败 (尝试 1/1): exit status 1
2025/11/11 09:36:43 📥 AI prediction request | Tool=avif | Quality=85 | Mode=balanced | Image=test_01_red_100x100.png
2025/11/11 09:36:44 ❌ AI prediction failed: execute: Python推理失败 (尝试 1/1): exit status 1
2025/11/11 09:36:44 📥 AI prediction request | Tool=avif | Quality=95 | Mode=quality | Image=test_01_red_100x100.png
2025/11/11 09:36:44 ❌ AI prediction failed: execute: Python推理失败 (尝试 1/1): exit status 1
2025/11/11 09:36:45 📥 AI prediction request | Tool=avif | Quality=95 | Mode=quality | Image=test_01_red_100x100.png
2025/11/11 09:36:45 ❌ AI prediction failed: execute: Python推理失败 (尝试 1/1): exit status 1
2025/11/11 09:36:46 📥 AI prediction request | Tool=avif | Quality=95 | Mode=quality | Image=test_01_red_100x100.png
2025/11/11 09:36:46 ❌ AI prediction failed: execute: Python推理失败 (尝试 1/1): exit status 1
2025/11/11 09:36:46 📥 AI prediction request | Tool=avif | Quality=85 | Mode=balanced | Image=test_01_red_100x100.png
2025/11/11 09:36:47 ❌ AI prediction failed: execute: Python推理失败 (尝试 1/1): exit status 1
2025/11/11 09:36:48 📥 AI prediction request | Tool=avif | Quality=85 | Mode=balanced | Image=test_01_red_100x100.png
2025/11/11 09:36:48 ❌ AI prediction failed: execute: Python推理失败 (尝试 1/1): exit status 1
2025/11/11 09:36:49 📥 AI prediction request | Tool=avif | Quality=85 | Mode=balanced | Image=test_01_red_100x100.png
2025/11/11 09:36:49 ❌ AI prediction failed: execute: Python推理失败 (尝试 1/1): exit status 1
2025/11/11 09:36:49 📥 AI prediction request | Tool=avif | Quality=85 | Mode=balanced | Image=test_01_red_100x100.png
2025/11/11 09:36:50 ❌ AI prediction failed: execute: Python推理失败 (尝试 1/1): exit status 1
2025/11/11 09:36:50 📥 AI prediction request | Tool=avif | Quality=85 | Mode=balanced | Image=test_01_red_100x100.png
2025/11/11 09:36:51 ❌ AI prediction failed: execute: Python推理失败 (尝试 1/1): exit status 1
2025/11/11 09:36:51 📥 AI prediction request | Tool=avif | Quality=85 | Mode=balanced | Image=test_01_red_100x100.png
2025/11/11 09:36:52 ❌ AI prediction failed: execute: Python推理失败 (尝试 1/1): exit status 1
2025/11/11 09:36:52 📥 AI prediction request | Tool=avif | Quality=95 | Mode=quality | Image=test_01_red_100x100.png
2025/11/11 09:36:52 ❌ AI prediction failed: execute: Python推理失败 (尝试 1/1): exit status 1
2025/11/11 09:36:53 📥 AI prediction request | Tool=avif | Quality=95 | Mode=quality | Image=test_01_red_100x100.png
2025/11/11 09:36:53 ❌ AI prediction failed: execute: Python推理失败 (尝试 1/1): exit status 1
2025/11/11 09:36:54 📥 AI prediction request | Tool=avif | Quality=95 | Mode=quality | Image=test_01_red_100x100.png
2025/11/11 09:36:54 ❌ AI prediction failed: execute: Python推理失败 (尝试 1/1): exit status 1
2025/11/11 09:36:54 📥 AI prediction request | Tool=avif | Quality=85 | Mode=balanced | Image=test_01_red_100x100.png
2025/11/11 09:36:55 ❌ AI prediction failed: execute: Python推理失败 (尝试 1/1): exit status 1
2025/11/11 09:36:55 📥 AI prediction request | Tool=avif | Quality=85 | Mode=balanced | Image=test_01_red_100x100.png
2025/11/11 09:36:56 ❌ AI prediction failed: execute: Python推理失败 (尝试 1/1): exit status 1
2025/11/11 09:36:57 📥 AI prediction request | Tool=avif | Quality=85 | Mode=balanced | Image=test_01_red_100x100.png
2025/11/11 09:36:57 ❌ AI prediction failed: execute: Python推理失败 (尝试 1/1): exit status 1
2025/11/11 09:36:57 📥 AI prediction request | Tool=avif | Quality=85 | Mode=balanced | Image=test_01_red_100x100.png
2025/11/11 09:36:58 ❌ AI prediction failed: execute: Python推理失败 (尝试 1/1): exit status 1
2025/11/11 09:36:58 📥 AI prediction request | Tool=avif | Quality=85 | Mode=balanced | Image=test_01_red_100x100.png
2025/11/11 09:36:59 ❌ AI prediction failed: execute: Python推理失败 (尝试 1/1): exit status 1
2025/11/11 09:36:59 📥 AI prediction request | Tool=avif | Quality=85 | Mode=balanced | Image=test_01_red_100x100.png
2025/11/11 09:37:00 ❌ AI prediction failed: execute: Python推理失败 (尝试 1/1): exit status 1
2025/11/11 09:37:00 📥 AI prediction request | Tool=avif | Quality=95 | Mode=quality | Image=test_01_red_100x100.png
2025/11/11 09:37:01 ❌ AI prediction failed: execute: Python推理失败 (尝试 1/1): exit status 1
2025/11/11 09:37:01 📥 AI prediction request | Tool=avif | Quality=95 | Mode=quality | Image=test_01_red_100x100.png
2025/11/11 09:37:02 ❌ AI prediction failed: execute: Python推理失败 (尝试 1/1): exit status 1
2025/11/11 09:37:02 📥 AI prediction request | Tool=avif | Quality=95 | Mode=quality | Image=test_01_red_100x100.png
2025/11/11 09:37:03 ❌ AI prediction failed: execute: Python推理失败 (尝试 1/1): exit status 1
2025/11/11 09:37:03 📥 AI prediction request | Tool=avif | Quality=85 | Mode=balanced | Image=test_01_red_100x100.png
2025/11/11 09:37:03 ❌ AI prediction failed: execute: Python推理失败 (尝试 1/1): exit status 1
2025/11/11 09:37:04 📥 AI prediction request | Tool=avif | Quality=85 | Mode=balanced | Image=test_01_red_100x100.png
2025/11/11 09:37:05 ❌ AI prediction failed: execute: Python推理失败 (尝试 1/1): exit status 1
2025/11/11 09:37:05 📥 AI prediction request | Tool=avif | Quality=85 | Mode=balanced | Image=test_01_red_100x100.png
2025/11/11 09:37:06 ❌ AI prediction failed: execute: Python推理失败 (尝试 1/1): exit status 1
2025/11/11 09:37:19 📥 AI prediction request | Tool=avif | Quality=85 | Mode=balanced | Image=/tmp/pixly_deep_test/test_01_red_100x100.png
2025/11/11 09:37:21 ✅ AI prediction succeeded | Q=85 d=0.5 | Confidence=0.85 | Time=1222ms
📤 [DEBUG] Sending response:
{
  "success": true,
  "params": {
    "quality": 85,
    "distance": 0.5,
    "effort": 0,
    "quantizer": 15,
    "speed": 6,
    "method": 0,
    "confidence": 0.85
  },
  "confidence": 0.85,
  "recommended_format": "webp",
  "format_reason": "插图推荐WebP，色块压缩效率高",
  "time_ms": 1222
}
2025/11/11 09:37:28 📥 AI prediction request | Tool=avif | Quality=85 | Mode=balanced | Image=/tmp/pixly_deep_test/test_01_red_100x100.png
2025/11/11 09:37:29 ✅ AI prediction succeeded | Q=85 d=0.5 | Confidence=0.85 | Time=1090ms
📤 [DEBUG] Sending response:
{
  "success": true,
  "params": {
    "quality": 85,
    "distance": 0.5,
    "effort": 0,
    "quantizer": 15,
    "speed": 6,
    "method": 0,
    "confidence": 0.85
  },
  "confidence": 0.85,
  "recommended_format": "webp",
  "format_reason": "插图推荐WebP，色块压缩效率高",
  "time_ms": 1090
}
2025/11/11 09:37:29 📥 AI prediction request | Tool=avif | Quality=95 | Mode=quality | Image=/tmp/pixly_deep_test/test_01_red_100x100.png
2025/11/11 09:37:30 ✅ AI prediction succeeded | Q=95 d=0.2 | Confidence=0.85 | Time=525ms
📤 [DEBUG] Sending response:
{
  "success": true,
  "params": {
    "quality": 95,
    "distance": 0.2,
    "effort": 0,
    "quantizer": 15,
    "speed": 6,
    "method": 0,
    "confidence": 0.85
  },
  "confidence": 0.85,
  "recommended_format": "webp",
  "format_reason": "插图推荐WebP，色块压缩效率高",
  "time_ms": 525
}
2025/11/11 09:37:30 📥 AI prediction request | Tool=avif | Quality=85 | Mode=balanced | Image=/tmp/pixly_deep_test/test_01_red_100x100.png
2025/11/11 09:37:30 ✅ AI prediction succeeded | Q=85 d=0.5 | Confidence=0.85 | Time=543ms
📤 [DEBUG] Sending response:
{
  "success": true,
  "params": {
    "quality": 85,
    "distance": 0.5,
    "effort": 0,
    "quantizer": 15,
    "speed": 6,
    "method": 0,
    "confidence": 0.85
  },
  "confidence": 0.85,
  "recommended_format": "webp",
  "format_reason": "插图推荐WebP，色块压缩效率高",
  "time_ms": 543
}
2025/11/11 09:37:38 📥 AI prediction request | Tool=avif | Quality=85 | Mode=balanced | Image=/tmp/pixly_deep_test/test_01_red_100x100.png
2025/11/11 09:37:39 ✅ AI prediction succeeded | Q=85 d=0.5 | Confidence=0.85 | Time=870ms
📤 [DEBUG] Sending response:
{
  "success": true,
  "params": {
    "quality": 85,
    "distance": 0.5,
    "effort": 0,
    "quantizer": 15,
    "speed": 6,
    "method": 0,
    "confidence": 0.85
  },
  "confidence": 0.85,
  "recommended_format": "webp",
  "format_reason": "插图推荐WebP，色块压缩效率高",
  "time_ms": 870
}
2025/11/11 09:37:39 📥 AI prediction request | Tool=avif | Quality=95 | Mode=quality | Image=/tmp/pixly_deep_test/test_01_red_100x100.png
2025/11/11 09:37:39 ✅ AI prediction succeeded | Q=95 d=0.2 | Confidence=0.85 | Time=512ms
📤 [DEBUG] Sending response:
{
  "success": true,
  "params": {
    "quality": 95,
    "distance": 0.2,
    "effort": 0,
    "quantizer": 15,
    "speed": 6,
    "method": 0,
    "confidence": 0.85
  },
  "confidence": 0.85,
  "recommended_format": "webp",
  "format_reason": "插图推荐WebP，色块压缩效率高",
  "time_ms": 512
}
2025/11/11 09:37:39 📥 AI prediction request | Tool=avif | Quality=85 | Mode=balanced | Image=/tmp/pixly_deep_test/test_01_red_100x100.png
2025/11/11 09:37:40 ✅ AI prediction succeeded | Q=85 d=0.5 | Confidence=0.85 | Time=524ms
📤 [DEBUG] Sending response:
{
  "success": true,
  "params": {
    "quality": 85,
    "distance": 0.5,
    "effort": 0,
    "quantizer": 15,
    "speed": 6,
    "method": 0,
    "confidence": 0.85
  },
  "confidence": 0.85,
  "recommended_format": "webp",
  "format_reason": "插图推荐WebP，色块压缩效率高",
  "time_ms": 524
}
2025/11/11 09:37:41 📥 AI prediction request | Tool=avif | Quality=85 | Mode=balanced | Image=/tmp/pixly_deep_test/test_01_red_100x100.png
2025/11/11 09:37:42 ✅ AI prediction succeeded | Q=85 d=0.5 | Confidence=0.85 | Time=541ms
📤 [DEBUG] Sending response:
{
  "success": true,
  "params": {
    "quality": 85,
    "distance": 0.5,
    "effort": 0,
    "quantizer": 15,
    "speed": 6,
    "method": 0,
    "confidence": 0.85
  },
  "confidence": 0.85,
  "recommended_format": "webp",
  "format_reason": "插图推荐WebP，色块压缩效率高",
  "time_ms": 541
}
2025/11/11 09:37:42 📥 AI prediction request | Tool=avif | Quality=95 | Mode=quality | Image=/tmp/pixly_deep_test/test_01_red_100x100.png
2025/11/11 09:37:42 ✅ AI prediction succeeded | Q=95 d=0.2 | Confidence=0.85 | Time=512ms
📤 [DEBUG] Sending response:
{
  "success": true,
  "params": {
    "quality": 95,
    "distance": 0.2,
    "effort": 0,
    "quantizer": 15,
    "speed": 6,
    "method": 0,
    "confidence": 0.85
  },
  "confidence": 0.85,
  "recommended_format": "webp",
  "format_reason": "插图推荐WebP，色块压缩效率高",
  "time_ms": 512
}
2025/11/11 09:37:42 📥 AI prediction request | Tool=avif | Quality=85 | Mode=balanced | Image=/tmp/pixly_deep_test/test_01_red_100x100.png
2025/11/11 09:37:43 ✅ AI prediction succeeded | Q=85 d=0.5 | Confidence=0.85 | Time=517ms
📤 [DEBUG] Sending response:
{
  "success": true,
  "params": {
    "quality": 85,
    "distance": 0.5,
    "effort": 0,
    "quantizer": 15,
    "speed": 6,
    "method": 0,
    "confidence": 0.85
  },
  "confidence": 0.85,
  "recommended_format": "webp",
  "format_reason": "插图推荐WebP，色块压缩效率高",
  "time_ms": 517
}
2025/11/11 09:37:44 📥 AI prediction request | Tool=avif | Quality=85 | Mode=balanced | Image=/tmp/pixly_deep_test/test_01_red_100x100.png
2025/11/11 09:37:45 ✅ AI prediction succeeded | Q=85 d=0.5 | Confidence=0.85 | Time=529ms
📤 [DEBUG] Sending response:
{
  "success": true,
  "params": {
    "quality": 85,
    "distance": 0.5,
    "effort": 0,
    "quantizer": 15,
    "speed": 6,
    "method": 0,
    "confidence": 0.85
  },
  "confidence": 0.85,
  "recommended_format": "webp",
  "format_reason": "插图推荐WebP，色块压缩效率高",
  "time_ms": 529
}
2025/11/11 09:37:45 📥 AI prediction request | Tool=avif | Quality=95 | Mode=quality | Image=/tmp/pixly_deep_test/test_01_red_100x100.png
2025/11/11 09:37:45 ✅ AI prediction succeeded | Q=95 d=0.2 | Confidence=0.85 | Time=522ms
📤 [DEBUG] Sending response:
{
  "success": true,
  "params": {
    "quality": 95,
    "distance": 0.2,
    "effort": 0,
    "quantizer": 15,
    "speed": 6,
    "method": 0,
    "confidence": 0.85
  },
  "confidence": 0.85,
  "recommended_format": "webp",
  "format_reason": "插图推荐WebP，色块压缩效率高",
  "time_ms": 522
}
2025/11/11 09:37:45 📥 AI prediction request | Tool=avif | Quality=85 | Mode=balanced | Image=/tmp/pixly_deep_test/test_01_red_100x100.png
2025/11/11 09:37:46 ✅ AI prediction succeeded | Q=85 d=0.5 | Confidence=0.85 | Time=521ms
📤 [DEBUG] Sending response:
{
  "success": true,
  "params": {
    "quality": 85,
    "distance": 0.5,
    "effort": 0,
    "quantizer": 15,
    "speed": 6,
    "method": 0,
    "confidence": 0.85
  },
  "confidence": 0.85,
  "recommended_format": "webp",
  "format_reason": "插图推荐WebP，色块压缩效率高",
  "time_ms": 521
}
2025/11/11 09:37:47 📥 AI prediction request | Tool=avif | Quality=85 | Mode=balanced | Image=/tmp/pixly_deep_test/test_01_red_100x100.png
2025/11/11 09:37:48 ✅ AI prediction succeeded | Q=85 d=0.5 | Confidence=0.85 | Time=617ms
📤 [DEBUG] Sending response:
{
  "success": true,
  "params": {
    "quality": 85,
    "distance": 0.5,
    "effort": 0,
    "quantizer": 15,
    "speed": 6,
    "method": 0,
    "confidence": 0.85
  },
  "confidence": 0.85,
  "recommended_format": "webp",
  "format_reason": "插图推荐WebP，色块压缩效率高",
  "time_ms": 617
}
2025/11/11 09:37:48 📥 AI prediction request | Tool=avif | Quality=95 | Mode=quality | Image=/tmp/pixly_deep_test/test_01_red_100x100.png
2025/11/11 09:37:48 ✅ AI prediction succeeded | Q=95 d=0.2 | Confidence=0.85 | Time=514ms
📤 [DEBUG] Sending response:
{
  "success": true,
  "params": {
    "quality": 95,
    "distance": 0.2,
    "effort": 0,
    "quantizer": 15,
    "speed": 6,
    "method": 0,
    "confidence": 0.85
  },
  "confidence": 0.85,
  "recommended_format": "webp",
  "format_reason": "插图推荐WebP，色块压缩效率高",
  "time_ms": 514
}
2025/11/11 09:37:48 📥 AI prediction request | Tool=avif | Quality=85 | Mode=balanced | Image=/tmp/pixly_deep_test/test_01_red_100x100.png
2025/11/11 09:37:49 ✅ AI prediction succeeded | Q=85 d=0.5 | Confidence=0.85 | Time=520ms
📤 [DEBUG] Sending response:
{
  "success": true,
  "params": {
    "quality": 85,
    "distance": 0.5,
    "effort": 0,
    "quantizer": 15,
    "speed": 6,
    "method": 0,
    "confidence": 0.85
  },
  "confidence": 0.85,
  "recommended_format": "webp",
  "format_reason": "插图推荐WebP，色块压缩效率高",
  "time_ms": 520
}
2025/11/11 09:37:50 📥 AI prediction request | Tool=avif | Quality=85 | Mode=balanced | Image=/tmp/pixly_deep_test/test_01_red_100x100.png
2025/11/11 09:37:51 ✅ AI prediction succeeded | Q=85 d=0.5 | Confidence=0.85 | Time=601ms
📤 [DEBUG] Sending response:
{
  "success": true,
  "params": {
    "quality": 85,
    "distance": 0.5,
    "effort": 0,
    "quantizer": 15,
    "speed": 6,
    "method": 0,
    "confidence": 0.85
  },
  "confidence": 0.85,
  "recommended_format": "webp",
  "format_reason": "插图推荐WebP，色块压缩效率高",
  "time_ms": 601
}
2025/11/11 09:37:51 📥 AI prediction request | Tool=avif | Quality=95 | Mode=quality | Image=/tmp/pixly_deep_test/test_01_red_100x100.png
2025/11/11 09:37:52 ✅ AI prediction succeeded | Q=95 d=0.2 | Confidence=0.85 | Time=619ms
📤 [DEBUG] Sending response:
{
  "success": true,
  "params": {
    "quality": 95,
    "distance": 0.2,
    "effort": 0,
    "quantizer": 15,
    "speed": 6,
    "method": 0,
    "confidence": 0.85
  },
  "confidence": 0.85,
  "recommended_format": "webp",
  "format_reason": "插图推荐WebP，色块压缩效率高",
  "time_ms": 619
}
2025/11/11 09:37:52 📥 AI prediction request | Tool=avif | Quality=85 | Mode=balanced | Image=/tmp/pixly_deep_test/test_01_red_100x100.png
2025/11/11 09:37:52 ✅ AI prediction succeeded | Q=85 d=0.5 | Confidence=0.85 | Time=592ms
📤 [DEBUG] Sending response:
{
  "success": true,
  "params": {
    "quality": 85,
    "distance": 0.5,
    "effort": 0,
    "quantizer": 15,
    "speed": 6,
    "method": 0,
    "confidence": 0.85
  },
  "confidence": 0.85,
  "recommended_format": "webp",
  "format_reason": "插图推荐WebP，色块压缩效率高",
  "time_ms": 592
}
2025/11/11 09:39:04 📥 AI prediction request | Tool=avif | Quality=85 | Mode=balanced | Image=test_01_red_100x100.png
2025/11/11 09:39:06 ❌ AI prediction failed: execute: Python推理失败 (尝试 1/1): exit status 1
2025/11/11 09:39:06 📥 AI prediction request | Tool=avif | Quality=85 | Mode=balanced | Image=test_01_red_100x100.png
2025/11/11 09:39:07 ❌ AI prediction failed: execute: Python推理失败 (尝试 1/1): exit status 1
2025/11/11 09:39:07 📥 AI prediction request | Tool=avif | Quality=85 | Mode=balanced | Image=test_01_red_100x100.png
2025/11/11 09:39:08 ❌ AI prediction failed: execute: Python推理失败 (尝试 1/1): exit status 1
2025/11/11 09:39:08 📥 AI prediction request | Tool=avif | Quality=95 | Mode=quality | Image=test_01_red_100x100.png
2025/11/11 09:39:08 ❌ AI prediction failed: execute: Python推理失败 (尝试 1/1): exit status 1
2025/11/11 09:39:09 📥 AI prediction request | Tool=avif | Quality=95 | Mode=quality | Image=test_01_red_100x100.png
2025/11/11 09:39:09 ❌ AI prediction failed: execute: Python推理失败 (尝试 1/1): exit status 1
2025/11/11 09:39:10 📥 AI prediction request | Tool=avif | Quality=95 | Mode=quality | Image=test_01_red_100x100.png
2025/11/11 09:39:10 ❌ AI prediction failed: execute: Python推理失败 (尝试 1/1): exit status 1
2025/11/11 09:39:11 📥 AI prediction request | Tool=avif | Quality=85 | Mode=balanced | Image=test_01_red_100x100.png
2025/11/11 09:39:11 ❌ AI prediction failed: execute: Python推理失败 (尝试 1/1): exit status 1
2025/11/11 09:39:12 📥 AI prediction request | Tool=avif | Quality=85 | Mode=balanced | Image=test_01_red_100x100.png
2025/11/11 09:39:12 ❌ AI prediction failed: execute: Python推理失败 (尝试 1/1): exit status 1
2025/11/11 09:39:13 📥 AI prediction request | Tool=avif | Quality=85 | Mode=balanced | Image=test_01_red_100x100.png
2025/11/11 09:39:13 ❌ AI prediction failed: execute: Python推理失败 (尝试 1/1): exit status 1
2025/11/11 09:39:13 📥 AI prediction request | Tool=avif | Quality=85 | Mode=balanced | Image=test_02_blue_100x100.png
2025/11/11 09:39:14 ❌ AI prediction failed: execute: Python推理失败 (尝试 1/1): exit status 1
2025/11/11 09:39:14 📥 AI prediction request | Tool=avif | Quality=85 | Mode=balanced | Image=test_02_blue_100x100.png
2025/11/11 09:39:15 ❌ AI prediction failed: execute: Python推理失败 (尝试 1/1): exit status 1
2025/11/11 09:39:15 📥 AI prediction request | Tool=avif | Quality=85 | Mode=balanced | Image=test_02_blue_100x100.png
2025/11/11 09:39:16 ❌ AI prediction failed: execute: Python推理失败 (尝试 1/1): exit status 1
2025/11/11 09:39:16 📥 AI prediction request | Tool=avif | Quality=95 | Mode=quality | Image=test_02_blue_100x100.png
2025/11/11 09:39:17 ❌ AI prediction failed: execute: Python推理失败 (尝试 1/1): exit status 1
2025/11/11 09:39:17 📥 AI prediction request | Tool=avif | Quality=95 | Mode=quality | Image=test_02_blue_100x100.png
2025/11/11 09:39:18 ❌ AI prediction failed: execute: Python推理失败 (尝试 1/1): exit status 1
2025/11/11 09:39:18 📥 AI prediction request | Tool=avif | Quality=95 | Mode=quality | Image=test_02_blue_100x100.png
2025/11/11 09:39:19 ❌ AI prediction failed: execute: Python推理失败 (尝试 1/1): exit status 1
2025/11/11 09:39:19 📥 AI prediction request | Tool=avif | Quality=85 | Mode=balanced | Image=test_02_blue_100x100.png
2025/11/11 09:39:19 ❌ AI prediction failed: execute: Python推理失败 (尝试 1/1): exit status 1
2025/11/11 09:39:20 📥 AI prediction request | Tool=avif | Quality=85 | Mode=balanced | Image=test_02_blue_100x100.png
2025/11/11 09:39:20 ❌ AI prediction failed: execute: Python推理失败 (尝试 1/1): exit status 1
2025/11/11 09:39:21 📥 AI prediction request | Tool=avif | Quality=85 | Mode=balanced | Image=test_02_blue_100x100.png
2025/11/11 09:39:21 ❌ AI prediction failed: execute: Python推理失败 (尝试 1/1): exit status 1
2025/11/11 09:39:22 📥 AI prediction request | Tool=avif | Quality=85 | Mode=balanced | Image=test_03_green_100x100.png
2025/11/11 09:39:22 ❌ AI prediction failed: execute: Python推理失败 (尝试 1/1): exit status 1
2025/11/11 09:39:23 📥 AI prediction request | Tool=avif | Quality=85 | Mode=balanced | Image=test_03_green_100x100.png
2025/11/11 09:39:23 ❌ AI prediction failed: execute: Python推理失败 (尝试 1/1): exit status 1
2025/11/11 09:39:24 📥 AI prediction request | Tool=avif | Quality=85 | Mode=balanced | Image=test_03_green_100x100.png
2025/11/11 09:39:24 ❌ AI prediction failed: execute: Python推理失败 (尝试 1/1): exit status 1
2025/11/11 09:39:24 📥 AI prediction request | Tool=avif | Quality=95 | Mode=quality | Image=test_03_green_100x100.png
2025/11/11 09:39:25 ❌ AI prediction failed: execute: Python推理失败 (尝试 1/1): exit status 1
2025/11/11 09:39:25 📥 AI prediction request | Tool=avif | Quality=95 | Mode=quality | Image=test_03_green_100x100.png
2025/11/11 09:39:26 ❌ AI prediction failed: execute: Python推理失败 (尝试 1/1): exit status 1
2025/11/11 09:39:26 📥 AI prediction request | Tool=avif | Quality=95 | Mode=quality | Image=test_03_green_100x100.png
2025/11/11 09:39:27 ❌ AI prediction failed: execute: Python推理失败 (尝试 1/1): exit status 1
2025/11/11 09:39:27 📥 AI prediction request | Tool=avif | Quality=85 | Mode=balanced | Image=test_03_green_100x100.png
2025/11/11 09:39:27 ❌ AI prediction failed: execute: Python推理失败 (尝试 1/1): exit status 1
2025/11/11 09:39:28 📥 AI prediction request | Tool=avif | Quality=85 | Mode=balanced | Image=test_03_green_100x100.png
2025/11/11 09:39:28 ❌ AI prediction failed: execute: Python推理失败 (尝试 1/1): exit status 1
2025/11/11 09:39:29 📥 AI prediction request | Tool=avif | Quality=85 | Mode=balanced | Image=test_03_green_100x100.png
2025/11/11 09:39:30 ❌ AI prediction failed: execute: Python推理失败 (尝试 1/1): exit status 1
2025/11/11 09:39:30 📥 AI prediction request | Tool=avif | Quality=85 | Mode=balanced | Image=test_04_gradient_400x300.png
2025/11/11 09:39:30 ❌ AI prediction failed: execute: Python推理失败 (尝试 1/1): exit status 1
2025/11/11 09:39:31 📥 AI prediction request | Tool=avif | Quality=85 | Mode=balanced | Image=test_04_gradient_400x300.png
2025/11/11 09:39:31 ❌ AI prediction failed: execute: Python推理失败 (尝试 1/1): exit status 1
2025/11/11 09:39:32 📥 AI prediction request | Tool=avif | Quality=85 | Mode=balanced | Image=test_04_gradient_400x300.png
2025/11/11 09:39:32 ❌ AI prediction failed: execute: Python推理失败 (尝试 1/1): exit status 1
2025/11/11 09:39:32 📥 AI prediction request | Tool=avif | Quality=95 | Mode=quality | Image=test_04_gradient_400x300.png
2025/11/11 09:39:33 ❌ AI prediction failed: execute: Python推理失败 (尝试 1/1): exit status 1
2025/11/11 09:39:34 📥 AI prediction request | Tool=avif | Quality=95 | Mode=quality | Image=test_04_gradient_400x300.png
2025/11/11 09:39:34 ❌ AI prediction failed: execute: Python推理失败 (尝试 1/1): exit status 1
2025/11/11 09:39:35 📥 AI prediction request | Tool=avif | Quality=95 | Mode=quality | Image=test_04_gradient_400x300.png
2025/11/11 09:39:35 ❌ AI prediction failed: execute: Python推理失败 (尝试 1/1): exit status 1
2025/11/11 09:39:35 📥 AI prediction request | Tool=avif | Quality=85 | Mode=balanced | Image=test_04_gradient_400x300.png
2025/11/11 09:39:36 ❌ AI prediction failed: execute: Python推理失败 (尝试 1/1): exit status 1
2025/11/11 09:39:36 📥 AI prediction request | Tool=avif | Quality=85 | Mode=balanced | Image=test_04_gradient_400x300.png
2025/11/11 09:39:37 ❌ AI prediction failed: execute: Python推理失败 (尝试 1/1): exit status 1
2025/11/11 09:39:37 📥 AI prediction request | Tool=avif | Quality=85 | Mode=balanced | Image=test_04_gradient_400x300.png
2025/11/11 09:39:38 ❌ AI prediction failed: execute: Python推理失败 (尝试 1/1): exit status 1
2025/11/11 09:39:38 📥 AI prediction request | Tool=avif | Quality=85 | Mode=balanced | Image=test_05_gradient2_400x300.png
2025/11/11 09:39:39 ❌ AI prediction failed: execute: Python推理失败 (尝试 1/1): exit status 1
2025/11/11 09:39:39 📥 AI prediction request | Tool=avif | Quality=85 | Mode=balanced | Image=test_05_gradient2_400x300.png
2025/11/11 09:39:40 ❌ AI prediction failed: execute: Python推理失败 (尝试 1/1): exit status 1
2025/11/11 09:39:40 📥 AI prediction request | Tool=avif | Quality=85 | Mode=balanced | Image=test_05_gradient2_400x300.png
2025/11/11 09:39:41 ❌ AI prediction failed: execute: Python推理失败 (尝试 1/1): exit status 1
2025/11/11 09:39:41 📥 AI prediction request | Tool=avif | Quality=95 | Mode=quality | Image=test_05_gradient2_400x300.png
2025/11/11 09:39:41 ❌ AI prediction failed: execute: Python推理失败 (尝试 1/1): exit status 1
2025/11/11 09:39:42 📥 AI prediction request | Tool=avif | Quality=95 | Mode=quality | Image=test_05_gradient2_400x300.png
2025/11/11 09:39:42 ❌ AI prediction failed: execute: Python推理失败 (尝试 1/1): exit status 1
2025/11/11 09:39:43 📥 AI prediction request | Tool=avif | Quality=95 | Mode=quality | Image=test_05_gradient2_400x300.png
2025/11/11 09:39:43 ❌ AI prediction failed: execute: Python推理失败 (尝试 1/1): exit status 1
2025/11/11 09:39:43 📥 AI prediction request | Tool=avif | Quality=85 | Mode=balanced | Image=test_05_gradient2_400x300.png
2025/11/11 09:39:44 ❌ AI prediction failed: execute: Python推理失败 (尝试 1/1): exit status 1
2025/11/11 09:39:44 📥 AI prediction request | Tool=avif | Quality=85 | Mode=balanced | Image=test_05_gradient2_400x300.png
2025/11/11 09:39:45 ❌ AI prediction failed: execute: Python推理失败 (尝试 1/1): exit status 1
2025/11/11 09:39:46 📥 AI prediction request | Tool=avif | Quality=85 | Mode=balanced | Image=test_05_gradient2_400x300.png
2025/11/11 09:39:46 ❌ AI prediction failed: execute: Python推理失败 (尝试 1/1): exit status 1
2025/11/11 09:39:46 📥 AI prediction request | Tool=avif | Quality=85 | Mode=balanced | Image=test_06_text_300x200.png
2025/11/11 09:39:47 ❌ AI prediction failed: execute: Python推理失败 (尝试 1/1): exit status 1
2025/11/11 09:39:48 📥 AI prediction request | Tool=avif | Quality=85 | Mode=balanced | Image=test_06_text_300x200.png
2025/11/11 09:39:48 ❌ AI prediction failed: execute: Python推理失败 (尝试 1/1): exit status 1
2025/11/11 09:39:49 📥 AI prediction request | Tool=avif | Quality=85 | Mode=balanced | Image=test_06_text_300x200.png
2025/11/11 09:39:49 ❌ AI prediction failed: execute: Python推理失败 (尝试 1/1): exit status 1
2025/11/11 09:39:49 📥 AI prediction request | Tool=avif | Quality=95 | Mode=quality | Image=test_06_text_300x200.png
2025/11/11 09:39:50 ❌ AI prediction failed: execute: Python推理失败 (尝试 1/1): exit status 1
2025/11/11 09:39:50 📥 AI prediction request | Tool=avif | Quality=95 | Mode=quality | Image=test_06_text_300x200.png
2025/11/11 09:39:51 ❌ AI prediction failed: execute: Python推理失败 (尝试 1/1): exit status 1
2025/11/11 09:39:52 📥 AI prediction request | Tool=avif | Quality=95 | Mode=quality | Image=test_06_text_300x200.png
2025/11/11 09:39:52 ❌ AI prediction failed: execute: Python推理失败 (尝试 1/1): exit status 1
2025/11/11 09:39:52 📥 AI prediction request | Tool=avif | Quality=85 | Mode=balanced | Image=test_06_text_300x200.png
2025/11/11 09:39:53 ❌ AI prediction failed: execute: Python推理失败 (尝试 1/1): exit status 1
2025/11/11 09:39:53 📥 AI prediction request | Tool=avif | Quality=85 | Mode=balanced | Image=test_06_text_300x200.png
2025/11/11 09:39:54 ❌ AI prediction failed: execute: Python推理失败 (尝试 1/1): exit status 1
2025/11/11 09:39:55 📥 AI prediction request | Tool=avif | Quality=85 | Mode=balanced | Image=test_06_text_300x200.png
2025/11/11 09:39:55 ❌ AI prediction failed: execute: Python推理失败 (尝试 1/1): exit status 1
2025/11/11 09:39:56 📥 AI prediction request | Tool=avif | Quality=85 | Mode=balanced | Image=test_07_text_800x600.png
2025/11/11 09:39:56 ❌ AI prediction failed: execute: Python推理失败 (尝试 1/1): exit status 1
2025/11/11 09:39:57 📥 AI prediction request | Tool=avif | Quality=85 | Mode=balanced | Image=test_07_text_800x600.png
2025/11/11 09:39:57 ❌ AI prediction failed: execute: Python推理失败 (尝试 1/1): exit status 1
2025/11/11 09:39:58 📥 AI prediction request | Tool=avif | Quality=85 | Mode=balanced | Image=test_07_text_800x600.png
2025/11/11 09:39:58 ❌ AI prediction failed: execute: Python推理失败 (尝试 1/1): exit status 1
2025/11/11 09:39:58 📥 AI prediction request | Tool=avif | Quality=95 | Mode=quality | Image=test_07_text_800x600.png
2025/11/11 09:39:59 ❌ AI prediction failed: execute: Python推理失败 (尝试 1/1): exit status 1
2025/11/11 09:39:59 📥 AI prediction request | Tool=avif | Quality=95 | Mode=quality | Image=test_07_text_800x600.png
2025/11/11 09:40:00 ❌ AI prediction failed: execute: Python推理失败 (尝试 1/1): exit status 1
2025/11/11 09:40:00 📥 AI prediction request | Tool=avif | Quality=95 | Mode=quality | Image=test_07_text_800x600.png
2025/11/11 09:40:01 ❌ AI prediction failed: execute: Python推理失败 (尝试 1/1): exit status 1
2025/11/11 09:40:01 📥 AI prediction request | Tool=avif | Quality=85 | Mode=balanced | Image=test_07_text_800x600.png
2025/11/11 09:40:02 ❌ AI prediction failed: execute: Python推理失败 (尝试 1/1): exit status 1
2025/11/11 09:40:02 📥 AI prediction request | Tool=avif | Quality=85 | Mode=balanced | Image=test_07_text_800x600.png
2025/11/11 09:40:03 ❌ AI prediction failed: execute: Python推理失败 (尝试 1/1): exit status 1
2025/11/11 09:40:03 📥 AI prediction request | Tool=avif | Quality=85 | Mode=balanced | Image=test_07_text_800x600.png
2025/11/11 09:40:04 ❌ AI prediction failed: execute: Python推理失败 (尝试 1/1): exit status 1
2025/11/11 09:40:04 📥 AI prediction request | Tool=avif | Quality=85 | Mode=balanced | Image=test_08_plasma_500x500.png
2025/11/11 09:40:05 ❌ AI prediction failed: execute: Python推理失败 (尝试 1/1): exit status 1
2025/11/11 09:40:05 📥 AI prediction request | Tool=avif | Quality=85 | Mode=balanced | Image=test_08_plasma_500x500.png
2025/11/11 09:40:06 ❌ AI prediction failed: execute: Python推理失败 (尝试 1/1): exit status 1
2025/11/11 09:40:06 📥 AI prediction request | Tool=avif | Quality=85 | Mode=balanced | Image=test_08_plasma_500x500.png
2025/11/11 09:40:07 ❌ AI prediction failed: execute: Python推理失败 (尝试 1/1): exit status 1
2025/11/11 09:40:07 📥 AI prediction request | Tool=avif | Quality=95 | Mode=quality | Image=test_08_plasma_500x500.png
2025/11/11 09:40:07 ❌ AI prediction failed: execute: Python推理失败 (尝试 1/1): exit status 1
2025/11/11 09:40:08 📥 AI prediction request | Tool=avif | Quality=95 | Mode=quality | Image=test_08_plasma_500x500.png
2025/11/11 09:40:08 ❌ AI prediction failed: execute: Python推理失败 (尝试 1/1): exit status 1
2025/11/11 09:40:09 📥 AI prediction request | Tool=avif | Quality=95 | Mode=quality | Image=test_08_plasma_500x500.png
2025/11/11 09:40:10 ❌ AI prediction failed: execute: Python推理失败 (尝试 1/1): exit status 1
2025/11/11 09:40:10 📥 AI prediction request | Tool=avif | Quality=85 | Mode=balanced | Image=test_08_plasma_500x500.png
2025/11/11 09:40:10 ❌ AI prediction failed: execute: Python推理失败 (尝试 1/1): exit status 1
2025/11/11 09:40:11 📥 AI prediction request | Tool=avif | Quality=85 | Mode=balanced | Image=test_08_plasma_500x500.png
2025/11/11 09:40:12 ❌ AI prediction failed: execute: Python推理失败 (尝试 1/1): exit status 1
2025/11/11 09:40:12 📥 AI prediction request | Tool=avif | Quality=85 | Mode=balanced | Image=test_08_plasma_500x500.png
2025/11/11 09:40:13 ❌ AI prediction failed: execute: Python推理失败 (尝试 1/1): exit status 1
2025/11/11 09:40:13 📥 AI prediction request | Tool=avif | Quality=85 | Mode=balanced | Image=test_09_plasma2_600x400.png
2025/11/11 09:40:13 ❌ AI prediction failed: execute: Python推理失败 (尝试 1/1): exit status 1
2025/11/11 09:40:14 📥 AI prediction request | Tool=avif | Quality=85 | Mode=balanced | Image=test_09_plasma2_600x400.png
2025/11/11 09:40:14 ❌ AI prediction failed: execute: Python推理失败 (尝试 1/1): exit status 1
2025/11/11 09:40:15 📥 AI prediction request | Tool=avif | Quality=85 | Mode=balanced | Image=test_09_plasma2_600x400.png
2025/11/11 09:40:15 ❌ AI prediction failed: execute: Python推理失败 (尝试 1/1): exit status 1
2025/11/11 09:40:16 📥 AI prediction request | Tool=avif | Quality=95 | Mode=quality | Image=test_09_plasma2_600x400.png
2025/11/11 09:40:16 ❌ AI prediction failed: execute: Python推理失败 (尝试 1/1): exit status 1
2025/11/11 09:40:17 📥 AI prediction request | Tool=avif | Quality=95 | Mode=quality | Image=test_09_plasma2_600x400.png
2025/11/11 09:40:17 ❌ AI prediction failed: execute: Python推理失败 (尝试 1/1): exit status 1
2025/11/11 09:40:18 📥 AI prediction request | Tool=avif | Quality=95 | Mode=quality | Image=test_09_plasma2_600x400.png
2025/11/11 09:40:18 ❌ AI prediction failed: execute: Python推理失败 (尝试 1/1): exit status 1
2025/11/11 09:40:18 📥 AI prediction request | Tool=avif | Quality=85 | Mode=balanced | Image=test_09_plasma2_600x400.png
2025/11/11 09:40:19 ❌ AI prediction failed: execute: Python推理失败 (尝试 1/1): exit status 1
2025/11/11 09:40:19 📥 AI prediction request | Tool=avif | Quality=85 | Mode=balanced | Image=test_09_plasma2_600x400.png
2025/11/11 09:40:20 ❌ AI prediction failed: execute: Python推理失败 (尝试 1/1): exit status 1
2025/11/11 09:40:20 📥 AI prediction request | Tool=avif | Quality=85 | Mode=balanced | Image=test_09_plasma2_600x400.png
2025/11/11 09:40:21 ❌ AI prediction failed: execute: Python推理失败 (尝试 1/1): exit status 1
2025/11/11 09:40:21 📥 AI prediction request | Tool=avif | Quality=85 | Mode=balanced | Image=test_10_checkerboard_400x400.png
2025/11/11 09:40:22 ❌ AI prediction failed: execute: Python推理失败 (尝试 1/1): exit status 1
2025/11/11 09:40:22 📥 AI prediction request | Tool=avif | Quality=85 | Mode=balanced | Image=test_10_checkerboard_400x400.png
2025/11/11 09:40:23 ❌ AI prediction failed: execute: Python推理失败 (尝试 1/1): exit status 1
2025/11/11 09:40:23 📥 AI prediction request | Tool=avif | Quality=85 | Mode=balanced | Image=test_10_checkerboard_400x400.png
2025/11/11 09:40:24 ❌ AI prediction failed: execute: Python推理失败 (尝试 1/1): exit status 1
2025/11/11 09:40:24 📥 AI prediction request | Tool=avif | Quality=95 | Mode=quality | Image=test_10_checkerboard_400x400.png
2025/11/11 09:40:24 ❌ AI prediction failed: execute: Python推理失败 (尝试 1/1): exit status 1
2025/11/11 09:40:25 📥 AI prediction request | Tool=avif | Quality=95 | Mode=quality | Image=test_10_checkerboard_400x400.png
2025/11/11 09:40:25 ❌ AI prediction failed: execute: Python推理失败 (尝试 1/1): exit status 1
2025/11/11 09:40:26 📥 AI prediction request | Tool=avif | Quality=95 | Mode=quality | Image=test_10_checkerboard_400x400.png
2025/11/11 09:40:27 ❌ AI prediction failed: execute: Python推理失败 (尝试 1/1): exit status 1
2025/11/11 09:40:27 📥 AI prediction request | Tool=avif | Quality=85 | Mode=balanced | Image=test_10_checkerboard_400x400.png
2025/11/11 09:40:27 ❌ AI prediction failed: execute: Python推理失败 (尝试 1/1): exit status 1
2025/11/11 09:40:28 📥 AI prediction request | Tool=avif | Quality=85 | Mode=balanced | Image=test_10_checkerboard_400x400.png
2025/11/11 09:40:28 ❌ AI prediction failed: execute: Python推理失败 (尝试 1/1): exit status 1
2025/11/11 09:40:29 📥 AI prediction request | Tool=avif | Quality=85 | Mode=balanced | Image=test_10_checkerboard_400x400.png
2025/11/11 09:40:29 ❌ AI prediction failed: execute: Python推理失败 (尝试 1/1): exit status 1
2025/11/11 09:40:30 📥 AI prediction request | Tool=avif | Quality=85 | Mode=balanced | Image=test_11_circle_300x300.png
2025/11/11 09:40:30 ❌ AI prediction failed: execute: Python推理失败 (尝试 1/1): exit status 1
2025/11/11 09:40:31 📥 AI prediction request | Tool=avif | Quality=85 | Mode=balanced | Image=test_11_circle_300x300.png
2025/11/11 09:40:31 ❌ AI prediction failed: execute: Python推理失败 (尝试 1/1): exit status 1
2025/11/11 09:40:32 📥 AI prediction request | Tool=avif | Quality=85 | Mode=balanced | Image=test_11_circle_300x300.png
2025/11/11 09:40:32 ❌ AI prediction failed: execute: Python推理失败 (尝试 1/1): exit status 1
2025/11/11 09:40:32 📥 AI prediction request | Tool=avif | Quality=95 | Mode=quality | Image=test_11_circle_300x300.png
2025/11/11 09:40:33 ❌ AI prediction failed: execute: Python推理失败 (尝试 1/1): exit status 1
2025/11/11 09:40:33 📥 AI prediction request | Tool=avif | Quality=95 | Mode=quality | Image=test_11_circle_300x300.png
2025/11/11 09:40:34 ❌ AI prediction failed: execute: Python推理失败 (尝试 1/1): exit status 1
2025/11/11 09:40:35 📥 AI prediction request | Tool=avif | Quality=95 | Mode=quality | Image=test_11_circle_300x300.png
2025/11/11 09:40:35 ❌ AI prediction failed: execute: Python推理失败 (尝试 1/1): exit status 1
2025/11/11 09:40:35 📥 AI prediction request | Tool=avif | Quality=85 | Mode=balanced | Image=test_11_circle_300x300.png
2025/11/11 09:40:36 ❌ AI prediction failed: execute: Python推理失败 (尝试 1/1): exit status 1
2025/11/11 09:40:36 📥 AI prediction request | Tool=avif | Quality=85 | Mode=balanced | Image=test_11_circle_300x300.png
2025/11/11 09:40:37 ❌ AI prediction failed: execute: Python推理失败 (尝试 1/1): exit status 1
2025/11/11 09:40:37 📥 AI prediction request | Tool=avif | Quality=85 | Mode=balanced | Image=test_11_circle_300x300.png
2025/11/11 09:40:38 ❌ AI prediction failed: execute: Python推理失败 (尝试 1/1): exit status 1
2025/11/11 09:40:39 📥 AI prediction request | Tool=avif | Quality=85 | Mode=balanced | Image=test_12_noise_800x600.png
2025/11/11 09:40:40 ❌ AI prediction failed: execute: Python推理失败 (尝试 1/1): exit status 1
2025/11/11 09:40:41 📥 AI prediction request | Tool=avif | Quality=85 | Mode=balanced | Image=test_12_noise_800x600.png
2025/11/11 09:40:41 ❌ AI prediction failed: execute: Python推理失败 (尝试 1/1): exit status 1
2025/11/11 09:40:42 📥 AI prediction request | Tool=avif | Quality=85 | Mode=balanced | Image=test_12_noise_800x600.png
2025/11/11 09:40:43 ❌ AI prediction failed: execute: Python推理失败 (尝试 1/1): exit status 1
2025/11/11 09:40:43 📥 AI prediction request | Tool=avif | Quality=95 | Mode=quality | Image=test_12_noise_800x600.png
2025/11/11 09:40:44 ❌ AI prediction failed: execute: Python推理失败 (尝试 1/1): exit status 1
2025/11/11 09:40:45 📥 AI prediction request | Tool=avif | Quality=95 | Mode=quality | Image=test_12_noise_800x600.png
2025/11/11 09:40:45 ❌ AI prediction failed: execute: Python推理失败 (尝试 1/1): exit status 1
2025/11/11 09:40:46 📥 AI prediction request | Tool=avif | Quality=95 | Mode=quality | Image=test_12_noise_800x600.png
2025/11/11 09:40:46 ❌ AI prediction failed: execute: Python推理失败 (尝试 1/1): exit status 1
2025/11/11 09:40:46 📥 AI prediction request | Tool=avif | Quality=85 | Mode=balanced | Image=test_12_noise_800x600.png
2025/11/11 09:40:47 ❌ AI prediction failed: execute: Python推理失败 (尝试 1/1): exit status 1
2025/11/11 09:40:48 📥 AI prediction request | Tool=avif | Quality=85 | Mode=balanced | Image=test_12_noise_800x600.png
2025/11/11 09:40:48 ❌ AI prediction failed: execute: Python推理失败 (尝试 1/1): exit status 1
2025/11/11 09:40:49 📥 AI prediction request | Tool=avif | Quality=85 | Mode=balanced | Image=test_12_noise_800x600.png
2025/11/11 09:40:50 ❌ AI prediction failed: execute: Python推理失败 (尝试 1/1): exit status 1
2025/11/11 09:40:50 📥 AI prediction request | Tool=avif | Quality=85 | Mode=balanced | Image=test_13_large_1920x1080.png
2025/11/11 09:40:51 ❌ AI prediction failed: execute: Python推理失败 (尝试 1/1): exit status 1
2025/11/11 09:40:51 📥 AI prediction request | Tool=avif | Quality=85 | Mode=balanced | Image=test_13_large_1920x1080.png
2025/11/11 09:40:52 ❌ AI prediction failed: execute: Python推理失败 (尝试 1/1): exit status 1
2025/11/11 09:40:52 📥 AI prediction request | Tool=avif | Quality=85 | Mode=balanced | Image=test_13_large_1920x1080.png
2025/11/11 09:40:53 ❌ AI prediction failed: execute: Python推理失败 (尝试 1/1): exit status 1
2025/11/11 09:40:53 📥 AI prediction request | Tool=avif | Quality=95 | Mode=quality | Image=test_13_large_1920x1080.png
2025/11/11 09:40:54 ❌ AI prediction failed: execute: Python推理失败 (尝试 1/1): exit status 1
2025/11/11 09:40:54 📥 AI prediction request | Tool=avif | Quality=95 | Mode=quality | Image=test_13_large_1920x1080.png
2025/11/11 09:40:55 ❌ AI prediction failed: execute: Python推理失败 (尝试 1/1): exit status 1
2025/11/11 09:40:55 📥 AI prediction request | Tool=avif | Quality=95 | Mode=quality | Image=test_13_large_1920x1080.png
2025/11/11 09:40:56 ❌ AI prediction failed: execute: Python推理失败 (尝试 1/1): exit status 1
2025/11/11 09:40:56 📥 AI prediction request | Tool=avif | Quality=85 | Mode=balanced | Image=test_13_large_1920x1080.png
2025/11/11 09:40:57 ❌ AI prediction failed: execute: Python推理失败 (尝试 1/1): exit status 1
2025/11/11 09:40:57 📥 AI prediction request | Tool=avif | Quality=85 | Mode=balanced | Image=test_13_large_1920x1080.png
2025/11/11 09:40:58 ❌ AI prediction failed: execute: Python推理失败 (尝试 1/1): exit status 1
2025/11/11 09:40:58 📥 AI prediction request | Tool=avif | Quality=85 | Mode=balanced | Image=test_13_large_1920x1080.png
2025/11/11 09:40:59 ❌ AI prediction failed: execute: Python推理失败 (尝试 1/1): exit status 1
2025/11/11 09:40:59 📥 AI prediction request | Tool=avif | Quality=85 | Mode=balanced | Image=test_14_small_complex_200x200.png
2025/11/11 09:41:00 ❌ AI prediction failed: execute: Python推理失败 (尝试 1/1): exit status 1
2025/11/11 09:41:00 📥 AI prediction request | Tool=avif | Quality=85 | Mode=balanced | Image=test_14_small_complex_200x200.png
2025/11/11 09:41:01 ❌ AI prediction failed: execute: Python推理失败 (尝试 1/1): exit status 1
2025/11/11 09:41:02 📥 AI prediction request | Tool=avif | Quality=85 | Mode=balanced | Image=test_14_small_complex_200x200.png
2025/11/11 09:41:02 ❌ AI prediction failed: execute: Python推理失败 (尝试 1/1): exit status 1
2025/11/11 09:41:02 📥 AI prediction request | Tool=avif | Quality=95 | Mode=quality | Image=test_14_small_complex_200x200.png
2025/11/11 09:41:03 ❌ AI prediction failed: execute: Python推理失败 (尝试 1/1): exit status 1
2025/11/11 09:41:04 📥 AI prediction request | Tool=avif | Quality=95 | Mode=quality | Image=test_14_small_complex_200x200.png
2025/11/11 09:41:04 ❌ AI prediction failed: execute: Python推理失败 (尝试 1/1): exit status 1
2025/11/11 09:41:05 📥 AI prediction request | Tool=avif | Quality=95 | Mode=quality | Image=test_14_small_complex_200x200.png
2025/11/11 09:41:06 ❌ AI prediction failed: execute: Python推理失败 (尝试 1/1): exit status 1
2025/11/11 09:41:06 📥 AI prediction request | Tool=avif | Quality=85 | Mode=balanced | Image=test_14_small_complex_200x200.png
2025/11/11 09:41:06 ❌ AI prediction failed: execute: Python推理失败 (尝试 1/1): exit status 1
2025/11/11 09:41:07 📥 AI prediction request | Tool=avif | Quality=85 | Mode=balanced | Image=test_14_small_complex_200x200.png
2025/11/11 09:41:07 ❌ AI prediction failed: execute: Python推理失败 (尝试 1/1): exit status 1
2025/11/11 09:41:08 📥 AI prediction request | Tool=avif | Quality=85 | Mode=balanced | Image=test_14_small_complex_200x200.png
2025/11/11 09:41:09 ❌ AI prediction failed: execute: Python推理失败 (尝试 1/1): exit status 1
2025/11/11 09:41:09 📥 AI prediction request | Tool=avif | Quality=85 | Mode=balanced | Image=test_15_tiny_50x50.png
2025/11/11 09:41:09 ❌ AI prediction failed: execute: Python推理失败 (尝试 1/1): exit status 1
2025/11/11 09:41:10 📥 AI prediction request | Tool=avif | Quality=85 | Mode=balanced | Image=test_15_tiny_50x50.png
2025/11/11 09:41:11 ❌ AI prediction failed: execute: Python推理失败 (尝试 1/1): exit status 1
2025/11/11 09:41:11 📥 AI prediction request | Tool=avif | Quality=85 | Mode=balanced | Image=test_15_tiny_50x50.png
2025/11/11 09:41:12 ❌ AI prediction failed: execute: Python推理失败 (尝试 1/1): exit status 1
2025/11/11 09:41:12 📥 AI prediction request | Tool=avif | Quality=95 | Mode=quality | Image=test_15_tiny_50x50.png
2025/11/11 09:41:13 ❌ AI prediction failed: execute: Python推理失败 (尝试 1/1): exit status 1
2025/11/11 09:41:13 📥 AI prediction request | Tool=avif | Quality=95 | Mode=quality | Image=test_15_tiny_50x50.png
2025/11/11 09:41:15 ❌ AI prediction failed: execute: Python推理失败 (尝试 1/1): exit status 1
2025/11/11 09:41:15 📥 AI prediction request | Tool=avif | Quality=95 | Mode=quality | Image=test_15_tiny_50x50.png
2025/11/11 09:41:16 ❌ AI prediction failed: execute: Python推理失败 (尝试 1/1): exit status 1
2025/11/11 09:41:16 📥 AI prediction request | Tool=avif | Quality=85 | Mode=balanced | Image=test_15_tiny_50x50.png
2025/11/11 09:41:17 ❌ AI prediction failed: execute: Python推理失败 (尝试 1/1): exit status 1
2025/11/11 09:41:17 📥 AI prediction request | Tool=avif | Quality=85 | Mode=balanced | Image=test_15_tiny_50x50.png
2025/11/11 09:41:18 ❌ AI prediction failed: execute: Python推理失败 (尝试 1/1): exit status 1
2025/11/11 09:41:18 📥 AI prediction request | Tool=avif | Quality=85 | Mode=balanced | Image=test_15_tiny_50x50.png
2025/11/11 09:41:19 ❌ AI prediction failed: execute: Python推理失败 (尝试 1/1): exit status 1
2025/11/11 09:43:47 📥 AI prediction request | Tool=avif | Quality=85 | Mode=balanced | Image=test_01_red_100x100.png
2025/11/11 09:43:48 ❌ AI prediction failed: execute: Python推理失败 (尝试 1/1): exit status 1
2025/11/11 09:43:48 📥 AI prediction request | Tool=avif | Quality=85 | Mode=balanced | Image=test_01_red_100x100.png
2025/11/11 09:43:49 ❌ AI prediction failed: execute: Python推理失败 (尝试 1/1): exit status 1
2025/11/11 09:43:49 📥 AI prediction request | Tool=avif | Quality=85 | Mode=balanced | Image=test_01_red_100x100.png
2025/11/11 09:43:50 ❌ AI prediction failed: execute: Python推理失败 (尝试 1/1): exit status 1
2025/11/11 09:43:50 📥 AI prediction request | Tool=avif | Quality=95 | Mode=quality | Image=test_01_red_100x100.png
2025/11/11 09:43:51 ❌ AI prediction failed: execute: Python推理失败 (尝试 1/1): exit status 1
2025/11/11 09:43:51 📥 AI prediction request | Tool=avif | Quality=95 | Mode=quality | Image=test_01_red_100x100.png
2025/11/11 09:43:52 ❌ AI prediction failed: execute: Python推理失败 (尝试 1/1): exit status 1
2025/11/11 09:43:52 📥 AI prediction request | Tool=avif | Quality=95 | Mode=quality | Image=test_01_red_100x100.png
2025/11/11 09:43:53 ❌ AI prediction failed: execute: Python推理失败 (尝试 1/1): exit status 1
2025/11/11 09:43:53 📥 AI prediction request | Tool=avif | Quality=85 | Mode=balanced | Image=test_01_red_100x100.png
2025/11/11 09:43:53 ❌ AI prediction failed: execute: Python推理失败 (尝试 1/1): exit status 1
2025/11/11 09:43:54 📥 AI prediction request | Tool=avif | Quality=85 | Mode=balanced | Image=test_01_red_100x100.png
2025/11/11 09:43:54 ❌ AI prediction failed: execute: Python推理失败 (尝试 1/1): exit status 1
2025/11/11 09:43:55 📥 AI prediction request | Tool=avif | Quality=85 | Mode=balanced | Image=test_01_red_100x100.png
2025/11/11 09:43:56 ❌ AI prediction failed: execute: Python推理失败 (尝试 1/1): exit status 1
2025/11/11 09:45:43 📥 AI prediction request | Tool=avif | Quality=85 | Mode=balanced | Image=test_01_red_100x100.png
2025/11/11 09:45:44 ❌ AI prediction failed: execute: Python推理失败 (尝试 1/1): exit status 1
2025/11/11 09:45:45 📥 AI prediction request | Tool=avif | Quality=85 | Mode=balanced | Image=test_01_red_100x100.png
2025/11/11 09:45:45 ❌ AI prediction failed: execute: Python推理失败 (尝试 1/1): exit status 1
signal: killed
